game_id,season,home_team_id,Home Team,away_team_id,Away Team,outcome
2017020812,20172018,7,Buffalo Sabres,24,Anaheim Ducks,away win OT
2017020586,20172018,24,Anaheim Ducks,20,Calgary Flames,home win REG
2017020240,20172018,24,Anaheim Ducks,23,Vancouver Canucks,home win REG
2017020624,20172018,21,Colorado Avalanche,29,Columbus Blue Jackets,home win REG
2017020221,20172018,25,Dallas Stars,52,Winnipeg Jets,away win REG
2017020731,20172018,53,Arizona Coyotes,2,New York Islanders,home win OT
2017020986,20172018,25,Dallas Stars,14,Tampa Bay Lightning,away win OT
2017021124,20172018,12,Carolina Hurricanes,22,Edmonton Oilers,away win REG
2017020146,20172018,30,Minnesota Wild,2,New York Islanders,home win REG
2017020001,20172018,52,Winnipeg Jets,10,Toronto Maple Leafs,away win REG
2017020482,20172018,8,Montreal Canadiens,1,New Jersey Devils,home win OT
2017020706,20172018,15,Washington Capitals,8,Montreal Canadiens,away win REG
2017021076,20172018,20,Calgary Flames,22,Edmonton Oilers,home win REG
2017021046,20172018,25,Dallas Stars,24,Anaheim Ducks,home win REG
2017020214,20172018,2,New York Islanders,21,Colorado Avalanche,home win REG
2017020285,20172018,21,Colorado Avalanche,15,Washington Capitals,home win REG
2017020423,20172018,23,Vancouver Canucks,12,Carolina Hurricanes,home win REG
2017020930,20172018,10,Toronto Maple Leafs,2,New York Islanders,home win SO
2017020301,20172018,15,Washington Capitals,30,Minnesota Wild,home win REG
2017021066,20172018,29,Columbus Blue Jackets,8,Montreal Canadiens,home win REG
2017021087,20172018,13,Florida Panthers,6,Boston Bruins,home win REG
2017020625,20172018,20,Calgary Flames,26,Los Angeles Kings,home win REG
2017020138,20172018,6,Boston Bruins,28,San Jose Sharks,home win REG
2017020020,20172018,2,New York Islanders,7,Buffalo Sabres,home win REG
2017021170,20172018,3,New York Rangers,15,Washington Capitals,away win REG
2017021025,20172018,18,Nashville Predators,25,Dallas Stars,home win REG
2017020540,20172018,13,Florida Panthers,30,Minnesota Wild,home win REG
2017020699,20172018,29,Columbus Blue Jackets,25,Dallas Stars,home win SO
2017020506,20172018,20,Calgary Flames,18,Nashville Predators,away win REG
2017021194,20172018,18,Nashville Predators,28,San Jose Sharks,home win REG
2017020342,20172018,29,Columbus Blue Jackets,9,Ottawa Senators,home win REG
2017021257,20172018,4,Philadelphia Flyers,3,New York Rangers,home win REG
2017021255,20172018,16,Chicago Blackhawks,19,St Louis Blues,away win REG
2017021010,20172018,24,Anaheim Ducks,16,Chicago Blackhawks,home win REG
2017020853,20172018,19,St Louis Blues,5,Pittsburgh Penguins,away win REG
2017020696,20172018,2,New York Islanders,6,Boston Bruins,away win REG
2017020164,20172018,30,Minnesota Wild,5,Pittsburgh Penguins,home win REG
2017020059,20172018,29,Columbus Blue Jackets,3,New York Rangers,home win REG
2017020953,20172018,15,Washington Capitals,7,Buffalo Sabres,home win REG
2017020952,20172018,1,New Jersey Devils,2,New York Islanders,home win REG
2017020562,20172018,5,Pittsburgh Penguins,29,Columbus Blue Jackets,home win SO
2017021081,20172018,54,Vegas Golden Knights,1,New Jersey Devils,away win REG
2017020955,20172018,25,Dallas Stars,52,Winnipeg Jets,away win REG
2017021218,20172018,4,Philadelphia Flyers,6,Boston Bruins,home win OT
2017020058,20172018,1,New Jersey Devils,15,Washington Capitals,away win REG
2017020614,20172018,17,Detroit Red Wings,9,Ottawa Senators,home win OT
2017020728,20172018,30,Minnesota Wild,9,Ottawa Senators,home win REG
2017020813,20172018,5,Pittsburgh Penguins,54,Vegas Golden Knights,home win REG
2017020987,20172018,22,Edmonton Oilers,18,Nashville Predators,away win REG
2017020154,20172018,20,Calgary Flames,25,Dallas Stars,away win REG
2017020911,20172018,28,San Jose Sharks,25,Dallas Stars,home win REG
2017020065,20172018,3,New York Rangers,1,New Jersey Devils,away win REG
2017021065,20172018,15,Washington Capitals,52,Winnipeg Jets,home win OT
2017020715,20172018,19,St Louis Blues,53,Arizona Coyotes,away win REG
2017020067,20172018,5,Pittsburgh Penguins,13,Florida Panthers,home win REG
2017020404,20172018,18,Nashville Predators,24,Anaheim Ducks,home win SO
2017020118,20172018,25,Dallas Stars,12,Carolina Hurricanes,home win REG
2017020161,20172018,1,New Jersey Devils,53,Arizona Coyotes,home win REG
2017020046,20172018,10,Toronto Maple Leafs,1,New Jersey Devils,away win REG
2017020582,20172018,52,Winnipeg Jets,2,New York Islanders,home win REG
2017020375,20172018,22,Edmonton Oilers,53,Arizona Coyotes,home win OT
2017020918,20172018,10,Toronto Maple Leafs,13,Florida Panthers,home win REG
2017020019,20172018,1,New Jersey Devils,21,Colorado Avalanche,home win REG
2017020455,20172018,26,Los Angeles Kings,12,Carolina Hurricanes,home win OT
2017020810,20172018,25,Dallas Stars,3,New York Rangers,home win REG
2017020555,20172018,54,Vegas Golden Knights,15,Washington Capitals,home win REG
2017021114,20172018,52,Winnipeg Jets,25,Dallas Stars,home win REG
2017020671,20172018,5,Pittsburgh Penguins,17,Detroit Red Wings,home win REG
2017020239,20172018,20,Calgary Flames,17,Detroit Red Wings,home win REG
2017020811,20172018,22,Edmonton Oilers,14,Tampa Bay Lightning,home win REG
2017020411,20172018,54,Vegas Golden Knights,53,Arizona Coyotes,home win OT
2017020675,20172018,25,Dallas Stars,21,Colorado Avalanche,away win REG
2017020012,20172018,26,Los Angeles Kings,4,Philadelphia Flyers,home win REG
2017020890,20172018,29,Columbus Blue Jackets,4,Philadelphia Flyers,away win OT
2017020679,20172018,5,Pittsburgh Penguins,3,New York Rangers,home win REG
2017021014,20172018,28,San Jose Sharks,29,Columbus Blue Jackets,away win REG
2017021267,20172018,53,Arizona Coyotes,24,Anaheim Ducks,away win REG
2017020013,20172018,29,Columbus Blue Jackets,2,New York Islanders,home win REG
2017021157,20172018,1,New Jersey Devils,14,Tampa Bay Lightning,home win REG
2017020736,20172018,19,St Louis Blues,9,Ottawa Senators,home win REG
2017020836,20172018,3,New York Rangers,20,Calgary Flames,home win REG
2017021226,20172018,19,St Louis Blues,15,Washington Capitals,away win REG
2017020432,20172018,8,Montreal Canadiens,20,Calgary Flames,away win OT
2017020156,20172018,6,Boston Bruins,26,Los Angeles Kings,away win OT
2017020005,20172018,6,Boston Bruins,18,Nashville Predators,home win REG
2017020823,20172018,10,Toronto Maple Leafs,18,Nashville Predators,home win SO
2017020981,20172018,21,Colorado Avalanche,20,Calgary Flames,home win REG
2017020462,20172018,5,Pittsburgh Penguins,21,Colorado Avalanche,away win REG
2017021125,20172018,9,Ottawa Senators,13,Florida Panthers,away win REG
2017020465,20172018,24,Anaheim Ducks,12,Carolina Hurricanes,home win REG
2017020550,20172018,12,Carolina Hurricanes,7,Buffalo Sabres,home win REG
2017020254,20172018,1,New Jersey Devils,13,Florida Panthers,home win REG
2017021204,20172018,24,Anaheim Ducks,26,Los Angeles Kings,home win OT
2017021171,20172018,12,Carolina Hurricanes,9,Ottawa Senators,home win REG
2017020441,20172018,18,Nashville Predators,54,Vegas Golden Knights,away win SO
2017020063,20172018,8,Montreal Canadiens,10,Toronto Maple Leafs,away win OT
2017020050,20172018,26,Los Angeles Kings,20,Calgary Flames,away win OT
2017020539,20172018,7,Buffalo Sabres,4,Philadelphia Flyers,home win REG
2017020284,20172018,52,Winnipeg Jets,4,Philadelphia Flyers,home win SO
2017020450,20172018,5,Pittsburgh Penguins,10,Toronto Maple Leafs,away win REG
2017020531,20172018,2,New York Islanders,24,Anaheim Ducks,away win OT
2017020486,20172018,21,Colorado Avalanche,13,Florida Panthers,home win REG
2017020197,20172018,26,Los Angeles Kings,10,Toronto Maple Leafs,home win REG
2017020800,20172018,18,Nashville Predators,3,New York Rangers,home win REG
2017020831,20172018,19,St Louis Blues,21,Colorado Avalanche,home win REG
2017020280,20172018,8,Montreal Canadiens,53,Arizona Coyotes,away win REG
2017020064,20172018,14,Tampa Bay Lightning,19,St Louis Blues,home win REG
2017020072,20172018,53,Arizona Coyotes,6,Boston Bruins,away win REG
2017020243,20172018,10,Toronto Maple Leafs,6,Boston Bruins,home win OT
2017020086,20172018,18,Nashville Predators,21,Colorado Avalanche,home win REG
2017020682,20172018,30,Minnesota Wild,23,Vancouver Canucks,away win OT
2017021061,20172018,5,Pittsburgh Penguins,25,Dallas Stars,home win REG
2017020371,20172018,29,Columbus Blue Jackets,12,Carolina Hurricanes,home win SO
2017020819,20172018,19,St Louis Blues,30,Minnesota Wild,away win REG
2017020261,20172018,15,Washington Capitals,22,Edmonton Oilers,home win SO
2017020454,20172018,28,San Jose Sharks,9,Ottawa Senators,home win REG
2017021091,20172018,26,Los Angeles Kings,17,Detroit Red Wings,home win REG
2017020590,20172018,19,St Louis Blues,12,Carolina Hurricanes,home win REG
2017020949,20172018,8,Montreal Canadiens,14,Tampa Bay Lightning,away win SO
2017021265,20172018,18,Nashville Predators,29,Columbus Blue Jackets,home win REG
2017021209,20172018,10,Toronto Maple Leafs,52,Winnipeg Jets,away win REG
2017020330,20172018,21,Colorado Avalanche,25,Dallas Stars,home win REG
2017020410,20172018,21,Colorado Avalanche,25,Dallas Stars,away win REG
2017020740,20172018,23,Vancouver Canucks,26,Los Angeles Kings,home win REG
2017020940,20172018,26,Los Angeles Kings,25,Dallas Stars,away win REG
2017020565,20172018,30,Minnesota Wild,25,Dallas Stars,home win REG
2017020824,20172018,3,New York Rangers,6,Boston Bruins,away win REG
2017020480,20172018,4,Philadelphia Flyers,7,Buffalo Sabres,home win REG
2017020882,20172018,9,Ottawa Senators,7,Buffalo Sabres,home win OT
2017021088,20172018,19,St Louis Blues,21,Colorado Avalanche,away win REG
2017020588,20172018,13,Florida Panthers,8,Montreal Canadiens,home win REG
2017020226,20172018,5,Pittsburgh Penguins,53,Arizona Coyotes,home win REG
2017020388,20172018,7,Buffalo Sabres,5,Pittsburgh Penguins,away win REG
2017020514,20172018,21,Colorado Avalanche,5,Pittsburgh Penguins,home win REG
2017020626,20172018,22,Edmonton Oilers,24,Anaheim Ducks,home win SO
2017020109,20172018,24,Anaheim Ducks,8,Montreal Canadiens,home win REG
2017020883,20172018,14,Tampa Bay Lightning,17,Detroit Red Wings,home win REG
2017021071,20172018,12,Carolina Hurricanes,6,Boston Bruins,away win REG
2017020900,20172018,54,Vegas Golden Knights,8,Montreal Canadiens,home win REG
2017021038,20172018,13,Florida Panthers,8,Montreal Canadiens,home win REG
2017021101,20172018,10,Toronto Maple Leafs,8,Montreal Canadiens,home win REG
2017020529,20172018,6,Boston Bruins,52,Winnipeg Jets,home win SO
2017020396,20172018,4,Philadelphia Flyers,6,Boston Bruins,away win REG
2017020621,20172018,19,St Louis Blues,54,Vegas Golden Knights,home win REG
2017020600,20172018,22,Edmonton Oilers,52,Winnipeg Jets,away win REG
2017020296,20172018,26,Los Angeles Kings,13,Florida Panthers,home win REG
2017020754,20172018,25,Dallas Stars,10,Toronto Maple Leafs,away win REG
2017020228,20172018,29,Columbus Blue Jackets,18,Nashville Predators,away win REG
2017020941,20172018,3,New York Rangers,30,Minnesota Wild,away win REG
2017020083,20172018,4,Philadelphia Flyers,13,Florida Panthers,home win REG
2017021040,20172018,16,Chicago Blackhawks,12,Carolina Hurricanes,away win REG
2017020004,20172018,28,San Jose Sharks,4,Philadelphia Flyers,away win REG
2017020329,20172018,18,Nashville Predators,8,Montreal Canadiens,home win SO
2017020219,20172018,3,New York Rangers,29,Columbus Blue Jackets,home win REG
2017020776,20172018,6,Boston Bruins,19,St Louis Blues,home win REG
2017020447,20172018,14,Tampa Bay Lightning,52,Winnipeg Jets,home win OT
2017021175,20172018,54,Vegas Golden Knights,21,Colorado Avalanche,home win REG
2017020757,20172018,23,Vancouver Canucks,7,Buffalo Sabres,away win REG
2017021024,20172018,14,Tampa Bay Lightning,13,Florida Panthers,home win OT
2017020584,20172018,21,Colorado Avalanche,10,Toronto Maple Leafs,home win OT
2017020430,20172018,6,Boston Bruins,53,Arizona Coyotes,home win REG
2017020884,20172018,18,Nashville Predators,20,Calgary Flames,away win REG
2017020181,20172018,16,Chicago Blackhawks,4,Philadelphia Flyers,home win REG
2017021041,20172018,22,Edmonton Oilers,2,New York Islanders,home win SO
2017021104,20172018,29,Columbus Blue Jackets,9,Ottawa Senators,home win REG
2017021239,20172018,19,St Louis Blues,16,Chicago Blackhawks,away win REG
2017020790,20172018,29,Columbus Blue Jackets,28,San Jose Sharks,away win REG
2017021119,20172018,30,Minnesota Wild,26,Los Angeles Kings,away win OT
2017020199,20172018,24,Anaheim Ducks,18,Nashville Predators,away win REG
2017020051,20172018,14,Tampa Bay Lightning,5,Pittsburgh Penguins,home win REG
2017020795,20172018,7,Buffalo Sabres,19,St Louis Blues,away win REG
2017021126,20172018,17,Detroit Red Wings,4,Philadelphia Flyers,home win SO
2017021271,20172018,28,San Jose Sharks,30,Minnesota Wild,away win REG
2017020542,20172018,53,Arizona Coyotes,15,Washington Capitals,home win OT
2017020718,20172018,16,Chicago Blackhawks,2,New York Islanders,away win REG
2017021200,20172018,2,New York Islanders,10,Toronto Maple Leafs,away win REG
2017020685,20172018,26,Los Angeles Kings,28,San Jose Sharks,away win REG
2017021201,20172018,3,New York Rangers,14,Tampa Bay Lightning,away win REG
2017020136,20172018,29,Columbus Blue Jackets,7,Buffalo Sabres,home win REG
2017020807,20172018,12,Carolina Hurricanes,28,San Jose Sharks,away win REG
2017020247,20172018,21,Colorado Avalanche,9,Ottawa Senators,away win OT
2017020380,20172018,21,Colorado Avalanche,52,Winnipeg Jets,home win OT
2017020627,20172018,53,Arizona Coyotes,18,Nashville Predators,home win OT
2017020712,20172018,8,Montreal Canadiens,6,Boston Bruins,away win REG
2017020839,20172018,12,Carolina Hurricanes,23,Vancouver Canucks,home win REG
2017020821,20172018,16,Chicago Blackhawks,20,Calgary Flames,away win REG
2017020765,20172018,12,Carolina Hurricanes,9,Ottawa Senators,home win REG
2017020804,20172018,26,Los Angeles Kings,53,Arizona Coyotes,home win REG
2017020317,20172018,19,St Louis Blues,22,Edmonton Oilers,home win REG
2017020638,20172018,9,Ottawa Senators,14,Tampa Bay Lightning,home win REG
2017020881,20172018,5,Pittsburgh Penguins,26,Los Angeles Kings,home win REG
2017021001,20172018,25,Dallas Stars,19,St Louis Blues,home win OT
2017020598,20172018,24,Anaheim Ducks,53,Arizona Coyotes,home win REG
2017020710,20172018,21,Colorado Avalanche,3,New York Rangers,home win REG
2017021105,20172018,19,St Louis Blues,3,New York Rangers,home win OT
2017020203,20172018,13,Florida Panthers,3,New York Rangers,away win OT
2017020711,20172018,20,Calgary Flames,52,Winnipeg Jets,away win SO
2017020092,20172018,10,Toronto Maple Leafs,17,Detroit Red Wings,home win REG
2017020888,20172018,54,Vegas Golden Knights,22,Edmonton Oilers,home win REG
2017020778,20172018,1,New Jersey Devils,4,Philadelphia Flyers,home win REG
2017020652,20172018,10,Toronto Maple Leafs,29,Columbus Blue Jackets,away win OT
2017020325,20172018,15,Washington Capitals,9,Ottawa Senators,home win REG
2017020424,20172018,54,Vegas Golden Knights,24,Anaheim Ducks,home win SO
2017021074,20172018,18,Nashville Predators,52,Winnipeg Jets,home win REG
2017020062,20172018,54,Vegas Golden Knights,17,Detroit Red Wings,away win REG
2017021225,20172018,13,Florida Panthers,12,Carolina Hurricanes,home win REG
2017020921,20172018,15,Washington Capitals,14,Tampa Bay Lightning,away win REG
2017020972,20172018,13,Florida Panthers,10,Toronto Maple Leafs,home win OT
2017020116,20172018,15,Washington Capitals,13,Florida Panthers,away win REG
2017020160,20172018,13,Florida Panthers,17,Detroit Red Wings,away win SO
2017021205,20172018,54,Vegas Golden Knights,19,St Louis Blues,home win OT
2017020854,20172018,52,Winnipeg Jets,3,New York Rangers,away win REG
2017021023,20172018,29,Columbus Blue Jackets,54,Vegas Golden Knights,home win REG
2017020971,20172018,15,Washington Capitals,9,Ottawa Senators,home win REG
2017020923,20172018,19,St Louis Blues,28,San Jose Sharks,away win REG
2017021138,20172018,12,Carolina Hurricanes,53,Arizona Coyotes,home win REG
2017020617,20172018,10,Toronto Maple Leafs,28,San Jose Sharks,home win SO
2017021093,20172018,9,Ottawa Senators,25,Dallas Stars,home win OT
2017020087,20172018,52,Winnipeg Jets,29,Columbus Blue Jackets,away win REG
2017020120,20172018,20,Calgary Flames,30,Minnesota Wild,away win REG
2017020722,20172018,12,Carolina Hurricanes,54,Vegas Golden Knights,away win REG
2017020545,20172018,14,Tampa Bay Lightning,30,Minnesota Wild,home win REG
2017020054,20172018,16,Chicago Blackhawks,30,Minnesota Wild,away win REG
2017020315,20172018,28,San Jose Sharks,24,Anaheim Ducks,away win SO
2017020769,20172018,52,Winnipeg Jets,14,Tampa Bay Lightning,home win REG
2017020157,20172018,10,Toronto Maple Leafs,4,Philadelphia Flyers,away win REG
2017021270,20172018,26,Los Angeles Kings,25,Dallas Stars,away win REG
2017020762,20172018,7,Buffalo Sabres,1,New Jersey Devils,away win REG
2017021107,20172018,23,Vancouver Canucks,28,San Jose Sharks,away win REG
2017021152,20172018,28,San Jose Sharks,20,Calgary Flames,home win REG
2017020904,20172018,23,Vancouver Canucks,6,Boston Bruins,home win REG
2017020681,20172018,16,Chicago Blackhawks,17,Detroit Red Wings,away win REG
2017020466,20172018,7,Buffalo Sabres,9,Ottawa Senators,home win REG
2017021210,20172018,1,New Jersey Devils,2,New York Islanders,home win REG
2017020523,20172018,53,Arizona Coyotes,13,Florida Panthers,away win REG
2017020107,20172018,13,Florida Panthers,5,Pittsburgh Penguins,away win REG
2017020863,20172018,53,Arizona Coyotes,16,Chicago Blackhawks,home win REG
2017020766,20172018,29,Columbus Blue Jackets,30,Minnesota Wild,away win SO
2017020982,20172018,23,Vancouver Canucks,3,New York Rangers,away win OT
2017020288,20172018,26,Los Angeles Kings,6,Boston Bruins,away win REG
2017021100,20172018,26,Los Angeles Kings,1,New Jersey Devils,away win REG
2017021195,20172018,30,Minnesota Wild,25,Dallas Stars,home win REG
2017020772,20172018,23,Vancouver Canucks,21,Colorado Avalanche,home win OT
2017020144,20172018,14,Tampa Bay Lightning,17,Detroit Red Wings,home win REG
2017021206,20172018,6,Boston Bruins,13,Florida Panthers,home win REG
2017021269,20172018,22,Edmonton Oilers,23,Vancouver Canucks,home win SO
2017020885,20172018,30,Minnesota Wild,15,Washington Capitals,away win REG
2017020334,20172018,6,Boston Bruins,5,Pittsburgh Penguins,home win REG
2017020030,20172018,28,San Jose Sharks,26,Los Angeles Kings,away win REG
2017020580,20172018,12,Carolina Hurricanes,5,Pittsburgh Penguins,home win REG
2017020719,20172018,30,Minnesota Wild,14,Tampa Bay Lightning,home win REG
2017020670,20172018,3,New York Rangers,2,New York Islanders,away win REG
2017021003,20172018,6,Boston Bruins,8,Montreal Canadiens,home win OT
2017020456,20172018,10,Toronto Maple Leafs,22,Edmonton Oilers,home win REG
2017020208,20172018,30,Minnesota Wild,16,Chicago Blackhawks,away win REG
2017020339,20172018,7,Buffalo Sabres,22,Edmonton Oilers,home win REG
2017020003,20172018,22,Edmonton Oilers,20,Calgary Flames,home win REG
2017021211,20172018,5,Pittsburgh Penguins,8,Montreal Canadiens,home win REG
2017020113,20172018,9,Ottawa Senators,10,Toronto Maple Leafs,home win REG
2017020518,20172018,2,New York Islanders,17,Detroit Red Wings,away win REG
2017020840,20172018,52,Winnipeg Jets,19,St Louis Blues,away win REG
2017020212,20172018,28,San Jose Sharks,24,Anaheim Ducks,home win SO
2017020117,20172018,29,Columbus Blue Jackets,26,Los Angeles Kings,away win REG
2017020870,20172018,17,Detroit Red Wings,24,Anaheim Ducks,home win REG
2017020304,20172018,28,San Jose Sharks,6,Boston Bruins,away win REG
2017020365,20172018,52,Winnipeg Jets,30,Minnesota Wild,home win REG
2017020983,20172018,6,Boston Bruins,5,Pittsburgh Penguins,home win REG
2017020782,20172018,18,Nashville Predators,26,Los Angeles Kings,home win REG
2017021159,20172018,3,New York Rangers,7,Buffalo Sabres,home win REG
2017020817,20172018,17,Detroit Red Wings,6,Boston Bruins,away win REG
2017020412,20172018,15,Washington Capitals,28,San Jose Sharks,home win REG
2017020723,20172018,52,Winnipeg Jets,23,Vancouver Canucks,home win REG
2017021190,20172018,6,Boston Bruins,14,Tampa Bay Lightning,home win REG
2017020337,20172018,24,Anaheim Ducks,52,Winnipeg Jets,away win REG
2017020896,20172018,30,Minnesota Wild,24,Anaheim Ducks,away win SO
2017020835,20172018,2,New York Islanders,17,Detroit Red Wings,home win OT
2017020496,20172018,30,Minnesota Wild,22,Edmonton Oilers,away win REG
2017020927,20172018,16,Chicago Blackhawks,9,Ottawa Senators,home win SO
2017021059,20172018,16,Chicago Blackhawks,6,Boston Bruins,home win REG
2017020438,20172018,28,San Jose Sharks,12,Carolina Hurricanes,home win OT
2017020564,20172018,19,St Louis Blues,18,Nashville Predators,away win REG
2017020084,20172018,15,Washington Capitals,10,Toronto Maple Leafs,away win REG
2017020735,20172018,17,Detroit Red Wings,4,Philadelphia Flyers,away win OT
2017020145,20172018,13,Florida Panthers,24,Anaheim Ducks,home win REG
2017020789,20172018,12,Carolina Hurricanes,17,Detroit Red Wings,away win REG
2017021080,20172018,22,Edmonton Oilers,28,San Jose Sharks,away win OT
2017020630,20172018,17,Detroit Red Wings,13,Florida Panthers,home win REG
2017020354,20172018,19,St Louis Blues,30,Minnesota Wild,home win REG
2017020978,20172018,8,Montreal Canadiens,2,New York Islanders,home win REG
2017020127,20172018,4,Philadelphia Flyers,24,Anaheim Ducks,away win REG
2017020419,20172018,17,Detroit Red Wings,52,Winnipeg Jets,home win REG
2017020528,20172018,20,Calgary Flames,19,St Louis Blues,home win REG
2017021112,20172018,4,Philadelphia Flyers,15,Washington Capitals,home win REG
2017021133,20172018,5,Pittsburgh Penguins,8,Montreal Canadiens,home win REG
2017021256,20172018,24,Anaheim Ducks,25,Dallas Stars,home win REG
2017020727,20172018,1,New Jersey Devils,17,Detroit Red Wings,away win REG
2017020311,20172018,10,Toronto Maple Leafs,53,Arizona Coyotes,away win REG
2017020783,20172018,52,Winnipeg Jets,54,Vegas Golden Knights,away win OT
2017020734,20172018,8,Montreal Canadiens,21,Colorado Avalanche,home win REG
2017020047,20172018,15,Washington Capitals,5,Pittsburgh Penguins,away win REG
2017020398,20172018,8,Montreal Canadiens,17,Detroit Red Wings,home win REG
2017020405,20172018,53,Arizona Coyotes,1,New Jersey Devils,home win REG
2017021118,20172018,8,Montreal Canadiens,13,Florida Panthers,away win REG
2017020648,20172018,8,Montreal Canadiens,23,Vancouver Canucks,home win REG
2017020250,20172018,6,Boston Bruins,10,Toronto Maple Leafs,away win REG
2017020194,20172018,21,Colorado Avalanche,12,Carolina Hurricanes,home win REG
2017020677,20172018,26,Los Angeles Kings,24,Anaheim Ducks,away win REG
2017021192,20172018,1,New Jersey Devils,5,Pittsburgh Penguins,away win OT
2017021006,20172018,53,Arizona Coyotes,9,Ottawa Senators,home win REG
2017021165,20172018,52,Winnipeg Jets,18,Nashville Predators,home win SO
2017020445,20172018,8,Montreal Canadiens,22,Edmonton Oilers,away win REG
2017020917,20172018,54,Vegas Golden Knights,24,Anaheim Ducks,away win REG
2017020806,20172018,8,Montreal Canadiens,9,Ottawa Senators,home win REG
2017020537,20172018,26,Los Angeles Kings,21,Colorado Avalanche,home win OT
2017020236,20172018,4,Philadelphia Flyers,16,Chicago Blackhawks,home win REG
2017020096,20172018,3,New York Rangers,2,New York Islanders,away win SO
2017020519,20172018,3,New York Rangers,24,Anaheim Ducks,home win REG
2017020322,20172018,1,New Jersey Devils,6,Boston Bruins,away win SO
2017021109,20172018,54,Vegas Golden Knights,20,Calgary Flames,home win REG
2017020071,20172018,16,Chicago Blackhawks,18,Nashville Predators,home win OT
2017021102,20172018,14,Tampa Bay Lightning,6,Boston Bruins,away win REG
2017020788,20172018,5,Pittsburgh Penguins,15,Washington Capitals,home win REG
2017020851,20172018,28,San Jose Sharks,22,Edmonton Oilers,home win REG
2017020245,20172018,29,Columbus Blue Jackets,12,Carolina Hurricanes,away win REG
2017020943,20172018,19,St Louis Blues,52,Winnipeg Jets,away win REG
2017020403,20172018,12,Carolina Hurricanes,13,Florida Panthers,home win OT
2017020826,20172018,7,Buffalo Sabres,2,New York Islanders,home win REG
2017021017,20172018,25,Dallas Stars,9,Ottawa Senators,away win OT
2017020932,20172018,4,Philadelphia Flyers,29,Columbus Blue Jackets,home win REG
2017021189,20172018,54,Vegas Golden Knights,53,Arizona Coyotes,away win REG
2017020962,20172018,24,Anaheim Ducks,22,Edmonton Oilers,away win SO
2017020205,20172018,19,St Louis Blues,10,Toronto Maple Leafs,home win REG
2017020867,20172018,4,Philadelphia Flyers,1,New Jersey Devils,away win SO
2017020009,20172018,17,Detroit Red Wings,30,Minnesota Wild,home win REG
2017020494,20172018,17,Detroit Red Wings,10,Toronto Maple Leafs,home win REG
2017020761,20172018,6,Boston Bruins,24,Anaheim Ducks,away win REG
2017020993,20172018,12,Carolina Hurricanes,1,New Jersey Devils,home win REG
2017020349,20172018,8,Montreal Canadiens,7,Buffalo Sabres,home win REG
2017020345,20172018,25,Dallas Stars,20,Calgary Flames,home win REG
2017020570,20172018,14,Tampa Bay Lightning,8,Montreal Canadiens,home win REG
2017021060,20172018,20,Calgary Flames,2,New York Islanders,away win REG
2017020132,20172018,18,Nashville Predators,20,Calgary Flames,away win SO
2017020381,20172018,15,Washington Capitals,26,Los Angeles Kings,away win REG
2017020847,20172018,12,Carolina Hurricanes,21,Colorado Avalanche,home win REG
2017021215,20172018,53,Arizona Coyotes,19,St Louis Blues,home win REG
2017020319,20172018,7,Buffalo Sabres,30,Minnesota Wild,away win REG
2017020393,20172018,19,St Louis Blues,26,Los Angeles Kings,away win REG
2017020660,20172018,10,Toronto Maple Leafs,9,Ottawa Senators,away win REG
2017020098,20172018,29,Columbus Blue Jackets,14,Tampa Bay Lightning,away win REG
2017020929,20172018,54,Vegas Golden Knights,20,Calgary Flames,home win REG
2017020504,20172018,53,Arizona Coyotes,5,Pittsburgh Penguins,away win REG
2017020809,20172018,2,New York Islanders,18,Nashville Predators,away win OT
2017020251,20172018,8,Montreal Canadiens,7,Buffalo Sabres,home win OT
2017020061,20172018,20,Calgary Flames,9,Ottawa Senators,away win REG
2017020604,20172018,4,Philadelphia Flyers,5,Pittsburgh Penguins,away win REG
2017020056,20172018,53,Arizona Coyotes,17,Detroit Red Wings,away win REG
2017020716,20172018,18,Nashville Predators,13,Florida Panthers,home win REG
2017020990,20172018,28,San Jose Sharks,16,Chicago Blackhawks,home win REG
2017020908,20172018,29,Columbus Blue Jackets,5,Pittsburgh Penguins,away win REG
2017020446,20172018,17,Detroit Red Wings,19,St Louis Blues,away win REG
2017020775,20172018,15,Washington Capitals,4,Philadelphia Flyers,home win REG
2017020566,20172018,52,Winnipeg Jets,22,Edmonton Oilers,home win REG
2017020162,20172018,19,St Louis Blues,29,Columbus Blue Jackets,home win REG
2017020988,20172018,53,Arizona Coyotes,30,Minnesota Wild,home win REG
2017020391,20172018,29,Columbus Blue Jackets,24,Anaheim Ducks,home win REG
2017021160,20172018,29,Columbus Blue Jackets,19,St Louis Blues,away win REG
2017020837,20172018,15,Washington Capitals,29,Columbus Blue Jackets,home win REG
2017020045,20172018,54,Vegas Golden Knights,53,Arizona Coyotes,home win REG
2017020348,20172018,10,Toronto Maple Leafs,15,Washington Capitals,away win REG
2017021007,20172018,22,Edmonton Oilers,3,New York Rangers,away win REG
2017020172,20172018,29,Columbus Blue Jackets,6,Boston Bruins,home win SO
2017020658,20172018,18,Nashville Predators,22,Edmonton Oilers,home win REG
2017020991,20172018,2,New York Islanders,8,Montreal Canadiens,away win REG
2017020022,20172018,15,Washington Capitals,8,Montreal Canadiens,home win REG
2017020431,20172018,5,Pittsburgh Penguins,2,New York Islanders,home win OT
2017020155,20172018,7,Buffalo Sabres,28,San Jose Sharks,away win REG
2017020007,20172018,3,New York Rangers,21,Colorado Avalanche,away win REG
2017020414,20172018,18,Nashville Predators,6,Boston Bruins,home win REG
2017020091,20172018,28,San Jose Sharks,8,Montreal Canadiens,home win REG
2017021214,20172018,25,Dallas Stars,30,Minnesota Wild,home win REG
2017020475,20172018,9,Ottawa Senators,3,New York Rangers,home win REG
2017020126,20172018,2,New York Islanders,53,Arizona Coyotes,home win REG
2017020895,20172018,9,Ottawa Senators,3,New York Rangers,home win REG
2017020667,20172018,12,Carolina Hurricanes,15,Washington Capitals,away win REG
2017020089,20172018,22,Edmonton Oilers,12,Carolina Hurricanes,away win REG
2017020481,20172018,29,Columbus Blue Jackets,2,New York Islanders,home win REG
2017020948,20172018,10,Toronto Maple Leafs,6,Boston Bruins,home win REG
2017020093,20172018,19,St Louis Blues,16,Chicago Blackhawks,home win REG
2017020202,20172018,14,Tampa Bay Lightning,29,Columbus Blue Jackets,home win SO
2017020167,20172018,12,Carolina Hurricanes,24,Anaheim Ducks,away win SO
2017020738,20172018,25,Dallas Stars,13,Florida Panthers,home win REG
2017020292,20172018,4,Philadelphia Flyers,20,Calgary Flames,away win OT
2017020242,20172018,7,Buffalo Sabres,13,Florida Panthers,away win REG
2017020803,20172018,23,Vancouver Canucks,14,Tampa Bay Lightning,away win REG
2017020502,20172018,15,Washington Capitals,24,Anaheim Ducks,home win OT
2017020845,20172018,8,Montreal Canadiens,18,Nashville Predators,away win SO
2017021168,20172018,10,Toronto Maple Leafs,7,Buffalo Sabres,away win REG
2017020729,20172018,16,Chicago Blackhawks,14,Tampa Bay Lightning,away win REG
2017020509,20172018,23,Vancouver Canucks,20,Calgary Flames,away win REG
2017020103,20172018,53,Arizona Coyotes,25,Dallas Stars,away win REG
2017020768,20172018,18,Nashville Predators,16,Chicago Blackhawks,away win REG
2017020635,20172018,21,Colorado Avalanche,30,Minnesota Wild,home win REG
2017020544,20172018,2,New York Islanders,52,Winnipeg Jets,home win REG
2017020764,20172018,5,Pittsburgh Penguins,28,San Jose Sharks,home win REG
2017020324,20172018,5,Pittsburgh Penguins,23,Vancouver Canucks,away win REG
2017021196,20172018,16,Chicago Blackhawks,52,Winnipeg Jets,home win REG
2017020861,20172018,10,Toronto Maple Leafs,14,Tampa Bay Lightning,home win REG
2017020386,20172018,20,Calgary Flames,53,Arizona Coyotes,home win REG
2017020787,20172018,23,Vancouver Canucks,16,Chicago Blackhawks,home win REG
2017020397,20172018,30,Minnesota Wild,19,St Louis Blues,home win OT
2017020179,20172018,17,Detroit Red Wings,53,Arizona Coyotes,home win REG
2017020919,20172018,1,New Jersey Devils,29,Columbus Blue Jackets,away win REG
2017020860,20172018,24,Anaheim Ducks,28,San Jose Sharks,away win SO
2017020407,20172018,20,Calgary Flames,22,Edmonton Oilers,away win REG
2017020852,20172018,15,Washington Capitals,17,Detroit Red Wings,away win OT
2017020578,20172018,17,Detroit Red Wings,3,New York Rangers,home win SO
2017020444,20172018,6,Boston Bruins,2,New York Islanders,home win REG
2017021019,20172018,23,Vancouver Canucks,2,New York Islanders,home win OT
2017020171,20172018,4,Philadelphia Flyers,53,Arizona Coyotes,away win OT
2017021228,20172018,26,Los Angeles Kings,21,Colorado Avalanche,home win REG
2017020015,20172018,25,Dallas Stars,54,Vegas Golden Knights,away win REG
2017020182,20172018,22,Edmonton Oilers,5,Pittsburgh Penguins,away win REG
2017020474,20172018,54,Vegas Golden Knights,12,Carolina Hurricanes,away win SO
2017020492,20172018,1,New Jersey Devils,25,Dallas Stars,home win REG
2017020451,20172018,29,Columbus Blue Jackets,53,Arizona Coyotes,home win REG
2017021098,20172018,7,Buffalo Sabres,16,Chicago Blackhawks,home win REG
2017020165,20172018,21,Colorado Avalanche,16,Chicago Blackhawks,home win REG
2017021146,20172018,7,Buffalo Sabres,8,Montreal Canadiens,away win REG
2017021227,20172018,30,Minnesota Wild,22,Edmonton Oilers,home win REG
2017020902,20172018,16,Chicago Blackhawks,15,Washington Capitals,home win REG
2017020950,20172018,17,Detroit Red Wings,12,Carolina Hurricanes,home win REG
2017020124,20172018,3,New York Rangers,28,San Jose Sharks,away win REG
2017020283,20172018,30,Minnesota Wild,18,Nashville Predators,home win REG
2017020318,20172018,25,Dallas Stars,8,Montreal Canadiens,home win REG
2017020074,20172018,23,Vancouver Canucks,20,Calgary Flames,away win REG
2017020195,20172018,20,Calgary Flames,5,Pittsburgh Penguins,home win OT
2017020601,20172018,7,Buffalo Sabres,3,New York Rangers,away win OT
2017020077,20172018,54,Vegas Golden Knights,6,Boston Bruins,home win REG
2017021184,20172018,22,Edmonton Oilers,29,Columbus Blue Jackets,away win REG
2017020209,20172018,53,Arizona Coyotes,12,Carolina Hurricanes,home win SO
2017021021,20172018,1,New Jersey Devils,8,Montreal Canadiens,home win REG
2017020606,20172018,8,Montreal Canadiens,28,San Jose Sharks,away win REG
2017020390,20172018,3,New York Rangers,12,Carolina Hurricanes,home win REG
2017021220,20172018,8,Montreal Canadiens,1,New Jersey Devils,away win REG
2017021097,20172018,54,Vegas Golden Knights,30,Minnesota Wild,away win REG
2017020150,20172018,1,New Jersey Devils,9,Ottawa Senators,home win SO
2017020234,20172018,28,San Jose Sharks,14,Tampa Bay Lightning,away win REG
2017020893,20172018,25,Dallas Stars,19,St Louis Blues,home win REG
2017020733,20172018,5,Pittsburgh Penguins,12,Carolina Hurricanes,home win REG
2017020256,20172018,12,Carolina Hurricanes,16,Chicago Blackhawks,away win OT
2017020442,20172018,16,Chicago Blackhawks,7,Buffalo Sabres,home win OT
2017020303,20172018,23,Vancouver Canucks,19,St Louis Blues,away win OT
2017021268,20172018,20,Calgary Flames,54,Vegas Golden Knights,home win REG
2017020037,20172018,22,Edmonton Oilers,52,Winnipeg Jets,away win REG
2017020231,20172018,24,Anaheim Ducks,26,Los Angeles Kings,away win OT
2017020102,20172018,20,Calgary Flames,12,Carolina Hurricanes,away win REG
2017020561,20172018,3,New York Rangers,15,Washington Capitals,home win SO
2017020805,20172018,15,Washington Capitals,54,Vegas Golden Knights,away win REG
2017021174,20172018,16,Chicago Blackhawks,28,San Jose Sharks,away win SO
2017020669,20172018,53,Arizona Coyotes,22,Edmonton Oilers,away win REG
2017020791,20172018,30,Minnesota Wild,54,Vegas Golden Knights,home win REG
2017020180,20172018,30,Minnesota Wild,52,Winnipeg Jets,away win REG
2017020534,20172018,18,Nashville Predators,12,Carolina Hurricanes,away win REG
2017020114,20172018,14,Tampa Bay Lightning,5,Pittsburgh Penguins,home win REG
2017021113,20172018,16,Chicago Blackhawks,19,St Louis Blues,away win OT
2017020749,20172018,8,Montreal Canadiens,12,Carolina Hurricanes,away win REG
2017021084,20172018,2,New York Islanders,15,Washington Capitals,away win REG
2017020185,20172018,28,San Jose Sharks,18,Nashville Predators,home win REG
2017020747,20172018,4,Philadelphia Flyers,14,Tampa Bay Lightning,away win REG
2017020382,20172018,17,Detroit Red Wings,8,Montreal Canadiens,away win REG
2017020141,20172018,5,Pittsburgh Penguins,52,Winnipeg Jets,home win OT
2017020464,20172018,52,Winnipeg Jets,23,Vancouver Canucks,home win REG
2017021094,20172018,21,Colorado Avalanche,18,Nashville Predators,away win REG
2017020959,20172018,18,Nashville Predators,19,St Louis Blues,home win REG
2017020503,20172018,12,Carolina Hurricanes,29,Columbus Blue Jackets,home win REG
2017020676,20172018,54,Vegas Golden Knights,22,Edmonton Oilers,away win OT
2017021263,20172018,12,Carolina Hurricanes,14,Tampa Bay Lightning,home win OT
2017020763,20172018,2,New York Islanders,13,Florida Panthers,away win REG
2017020869,20172018,12,Carolina Hurricanes,26,Los Angeles Kings,home win REG
2017021033,20172018,1,New Jersey Devils,52,Winnipeg Jets,away win REG
2017020314,20172018,30,Minnesota Wild,1,New Jersey Devils,away win OT
2017021222,20172018,24,Anaheim Ducks,21,Colorado Avalanche,home win OT
2017020707,20172018,24,Anaheim Ducks,26,Los Angeles Kings,home win REG
2017021078,20172018,10,Toronto Maple Leafs,25,Dallas Stars,home win SO
2017020737,20172018,18,Nashville Predators,14,Tampa Bay Lightning,away win OT
2017020140,20172018,3,New York Rangers,53,Arizona Coyotes,home win REG
2017021143,20172018,16,Chicago Blackhawks,23,Vancouver Canucks,away win REG
2017020372,20172018,17,Detroit Red Wings,26,Los Angeles Kings,away win REG
2017020956,20172018,53,Arizona Coyotes,24,Anaheim Ducks,home win REG
2017020272,20172018,52,Winnipeg Jets,53,Arizona Coyotes,home win REG
2017020741,20172018,54,Vegas Golden Knights,29,Columbus Blue Jackets,home win REG
2017020133,20172018,30,Minnesota Wild,23,Vancouver Canucks,away win REG
2017020449,20172018,3,New York Rangers,1,New Jersey Devils,home win REG
2017020960,20172018,3,New York Rangers,17,Detroit Red Wings,away win OT
2017020307,20172018,3,New York Rangers,9,Ottawa Senators,home win REG
2017020189,20172018,14,Tampa Bay Lightning,3,New York Rangers,away win OT
2017020659,20172018,30,Minnesota Wild,20,Calgary Flames,away win OT
2017021246,20172018,17,Detroit Red Wings,8,Montreal Canadiens,away win REG
2017020587,20172018,9,Ottawa Senators,6,Boston Bruins,away win REG
2017021129,20172018,16,Chicago Blackhawks,21,Colorado Avalanche,away win REG
2017020603,20172018,2,New York Islanders,6,Boston Bruins,away win REG
2017020857,20172018,1,New Jersey Devils,6,Boston Bruins,away win REG
2017021207,20172018,17,Detroit Red Wings,9,Ottawa Senators,home win REG
2017020596,20172018,25,Dallas Stars,28,San Jose Sharks,home win REG
2017020877,20172018,21,Colorado Avalanche,8,Montreal Canadiens,home win REG
2017021231,20172018,29,Columbus Blue Jackets,17,Detroit Red Wings,home win OT
2017020196,20172018,53,Arizona Coyotes,7,Buffalo Sabres,away win REG
2017020277,20172018,24,Anaheim Ducks,6,Boston Bruins,home win REG
2017021120,20172018,53,Arizona Coyotes,20,Calgary Flames,home win REG
2017020178,20172018,3,New York Rangers,54,Vegas Golden Knights,home win REG
2017020159,20172018,14,Tampa Bay Lightning,24,Anaheim Ducks,away win REG
2017020429,20172018,24,Anaheim Ducks,9,Ottawa Senators,home win REG
2017021180,20172018,19,St Louis Blues,28,San Jose Sharks,home win OT
2017021145,20172018,28,San Jose Sharks,54,Vegas Golden Knights,home win OT
2017020794,20172018,6,Boston Bruins,10,Toronto Maple Leafs,home win REG
2017020387,20172018,22,Edmonton Oilers,10,Toronto Maple Leafs,away win REG
2017020469,20172018,15,Washington Capitals,21,Colorado Avalanche,home win REG
2017021070,20172018,28,San Jose Sharks,17,Detroit Red Wings,home win REG
2017020799,20172018,52,Winnipeg Jets,21,Colorado Avalanche,home win REG
2017020920,20172018,4,Philadelphia Flyers,8,Montreal Canadiens,home win OT
2017020188,20172018,9,Ottawa Senators,17,Detroit Red Wings,home win REG
2017020515,20172018,22,Edmonton Oilers,28,San Jose Sharks,home win REG
2017020401,20172018,15,Washington Capitals,29,Columbus Blue Jackets,home win REG
2017021163,20172018,5,Pittsburgh Penguins,4,Philadelphia Flyers,home win OT
2017020206,20172018,52,Winnipeg Jets,8,Montreal Canadiens,away win OT
2017020129,20172018,12,Carolina Hurricanes,14,Tampa Bay Lightning,away win REG
2017021128,20172018,52,Winnipeg Jets,26,Los Angeles Kings,home win OT
2017020312,20172018,15,Washington Capitals,20,Calgary Flames,away win REG
2017020641,20172018,26,Los Angeles Kings,18,Nashville Predators,away win REG
2017021092,20172018,15,Washington Capitals,2,New York Islanders,home win REG
2017020760,20172018,28,San Jose Sharks,3,New York Rangers,away win REG
2017020525,20172018,54,Vegas Golden Knights,14,Tampa Bay Lightning,home win REG
2017021075,20172018,30,Minnesota Wild,21,Colorado Avalanche,away win REG
2017021233,20172018,14,Tampa Bay Lightning,6,Boston Bruins,home win REG
2017021244,20172018,15,Washington Capitals,18,Nashville Predators,away win REG
2017020498,20172018,9,Ottawa Senators,8,Montreal Canadiens,home win REG
2017020563,20172018,12,Carolina Hurricanes,8,Montreal Canadiens,home win REG
2017020631,20172018,52,Winnipeg Jets,7,Buffalo Sabres,home win REG
2017020204,20172018,4,Philadelphia Flyers,21,Colorado Avalanche,away win SO
2017020684,20172018,21,Colorado Avalanche,24,Anaheim Ducks,home win REG
2017020802,20172018,20,Calgary Flames,16,Chicago Blackhawks,home win OT
2017020040,20172018,12,Carolina Hurricanes,29,Columbus Blue Jackets,away win OT
2017020905,20172018,3,New York Rangers,4,Philadelphia Flyers,away win REG
2017020246,20172018,25,Dallas Stars,2,New York Islanders,home win REG
2017020305,20172018,12,Carolina Hurricanes,2,New York Islanders,home win REG
2017020759,20172018,24,Anaheim Ducks,52,Winnipeg Jets,home win SO
2017020558,20172018,6,Boston Bruins,9,Ottawa Senators,home win REG
2017021198,20172018,23,Vancouver Canucks,22,Edmonton Oilers,home win REG
2017020549,20172018,5,Pittsburgh Penguins,24,Anaheim Ducks,away win REG
2017020814,20172018,12,Carolina Hurricanes,4,Philadelphia Flyers,away win OT
2017021030,20172018,4,Philadelphia Flyers,5,Pittsburgh Penguins,away win REG
2017020306,20172018,17,Detroit Red Wings,21,Colorado Avalanche,away win OT
2017021015,20172018,7,Buffalo Sabres,10,Toronto Maple Leafs,home win REG
2017020879,20172018,1,New Jersey Devils,12,Carolina Hurricanes,home win REG
2017020848,20172018,29,Columbus Blue Jackets,1,New Jersey Devils,home win REG
2017020942,20172018,12,Carolina Hurricanes,5,Pittsburgh Penguins,away win REG
2017020192,20172018,30,Minnesota Wild,8,Montreal Canadiens,home win REG
2017020758,20172018,54,Vegas Golden Knights,2,New York Islanders,away win REG
2017020744,20172018,16,Chicago Blackhawks,10,Toronto Maple Leafs,away win OT
2017020822,20172018,21,Colorado Avalanche,28,San Jose Sharks,home win REG
2017020149,20172018,54,Vegas Golden Knights,21,Colorado Avalanche,home win REG
2017020467,20172018,1,New Jersey Devils,26,Los Angeles Kings,home win REG
2017020039,20172018,3,New York Rangers,19,St Louis Blues,away win REG
2017020746,20172018,1,New Jersey Devils,18,Nashville Predators,away win REG
2017021053,20172018,26,Los Angeles Kings,19,St Louis Blues,away win REG
2017020384,20172018,30,Minnesota Wild,54,Vegas Golden Knights,home win REG
2017020282,20172018,14,Tampa Bay Lightning,25,Dallas Stars,home win REG
2017020028,20172018,23,Vancouver Canucks,22,Edmonton Oilers,home win REG
2017020701,20172018,14,Tampa Bay Lightning,54,Vegas Golden Knights,away win REG
2017020201,20172018,6,Boston Bruins,15,Washington Capitals,away win REG
2017021111,20172018,2,New York Islanders,12,Carolina Hurricanes,away win REG
2017020535,20172018,25,Dallas Stars,16,Chicago Blackhawks,home win REG
2017021161,20172018,30,Minnesota Wild,18,Nashville Predators,home win REG
2017021186,20172018,10,Toronto Maple Leafs,13,Florida Panthers,home win REG
2017020687,20172018,10,Toronto Maple Leafs,19,St Louis Blues,away win OT
2017020786,20172018,53,Arizona Coyotes,25,Dallas Stars,away win REG
2017021127,20172018,14,Tampa Bay Lightning,10,Toronto Maple Leafs,home win REG
2017020832,20172018,30,Minnesota Wild,53,Arizona Coyotes,away win OT
2017021191,20172018,7,Buffalo Sabres,17,Detroit Red Wings,away win REG
2017021237,20172018,28,San Jose Sharks,25,Dallas Stars,away win REG
2017020777,20172018,7,Buffalo Sabres,13,Florida Panthers,away win REG
2017021232,20172018,8,Montreal Canadiens,52,Winnipeg Jets,away win OT
2017020742,20172018,24,Anaheim Ducks,3,New York Rangers,home win REG
2017021183,20172018,25,Dallas Stars,4,Philadelphia Flyers,home win OT
2017020057,20172018,28,San Jose Sharks,7,Buffalo Sabres,home win REG
2017021187,20172018,15,Washington Capitals,3,New York Rangers,home win OT
2017020218,20172018,10,Toronto Maple Leafs,54,Vegas Golden Knights,home win SO
2017020536,20172018,22,Edmonton Oilers,19,St Louis Blues,home win REG
2017020865,20172018,7,Buffalo Sabres,14,Tampa Bay Lightning,home win REG
2017020316,20172018,4,Philadelphia Flyers,23,Vancouver Canucks,away win REG
2017021264,20172018,52,Winnipeg Jets,16,Chicago Blackhawks,home win REG
2017021208,20172018,23,Vancouver Canucks,29,Columbus Blue Jackets,home win OT
2017020827,20172018,1,New Jersey Devils,20,Calgary Flames,away win REG
2017020248,20172018,54,Vegas Golden Knights,52,Winnipeg Jets,home win REG
2017020876,20172018,10,Toronto Maple Leafs,29,Columbus Blue Jackets,home win REG
2017020838,20172018,13,Florida Panthers,26,Los Angeles Kings,away win REG
2017021238,20172018,7,Buffalo Sabres,9,Ottawa Senators,away win REG
2017021164,20172018,25,Dallas Stars,23,Vancouver Canucks,away win REG
2017020613,20172018,54,Vegas Golden Knights,18,Nashville Predators,home win REG
2017020079,20172018,26,Los Angeles Kings,2,New York Islanders,home win REG
2017021135,20172018,20,Calgary Flames,24,Anaheim Ducks,away win REG
2017021016,20172018,5,Pittsburgh Penguins,20,Calgary Flames,home win OT
2017021037,20172018,14,Tampa Bay Lightning,3,New York Rangers,home win REG
2017020361,20172018,6,Boston Bruins,22,Edmonton Oilers,away win REG
2017020291,20172018,17,Detroit Red Wings,7,Buffalo Sabres,home win REG
2017021050,20172018,14,Tampa Bay Lightning,8,Montreal Canadiens,home win SO
2017020841,20172018,25,Dallas Stars,5,Pittsburgh Penguins,home win SO
2017020846,20172018,14,Tampa Bay Lightning,26,Los Angeles Kings,home win REG
2017020833,20172018,16,Chicago Blackhawks,25,Dallas Stars,away win REG
2017020903,20172018,20,Calgary Flames,13,Florida Panthers,away win REG
2017020416,20172018,5,Pittsburgh Penguins,3,New York Rangers,away win REG
2017020688,20172018,2,New York Islanders,1,New Jersey Devils,away win REG
2017020721,20172018,15,Washington Capitals,4,Philadelphia Flyers,away win OT
2017020520,20172018,9,Ottawa Senators,30,Minnesota Wild,away win REG
2017021259,20172018,10,Toronto Maple Leafs,8,Montreal Canadiens,home win REG
2017020163,20172018,18,Nashville Predators,2,New York Islanders,away win REG
2017020997,20172018,23,Vancouver Canucks,18,Nashville Predators,away win OT
2017020399,20172018,14,Tampa Bay Lightning,28,San Jose Sharks,home win REG
2017020992,20172018,13,Florida Panthers,7,Buffalo Sabres,home win REG
2017021054,20172018,28,San Jose Sharks,15,Washington Capitals,away win REG
2017021248,20172018,52,Winnipeg Jets,20,Calgary Flames,home win REG
2017021047,20172018,23,Vancouver Canucks,30,Minnesota Wild,away win REG
2017020413,20172018,13,Florida Panthers,2,New York Islanders,away win SO
2017020560,20172018,2,New York Islanders,7,Buffalo Sabres,home win OT
2017021241,20172018,1,New Jersey Devils,10,Toronto Maple Leafs,home win REG
2017020609,20172018,25,Dallas Stars,29,Columbus Blue Jackets,away win REG
2017021212,20172018,12,Carolina Hurricanes,3,New York Rangers,away win REG
2017020637,20172018,10,Toronto Maple Leafs,23,Vancouver Canucks,home win SO
2017020644,20172018,15,Washington Capitals,19,St Louis Blues,home win OT
2017020605,20172018,12,Carolina Hurricanes,15,Washington Capitals,away win OT
2017020577,20172018,9,Ottawa Senators,29,Columbus Blue Jackets,home win REG
2017020278,20172018,10,Toronto Maple Leafs,1,New Jersey Devils,home win OT
2017020289,20172018,28,San Jose Sharks,13,Florida Panthers,away win REG
2017021158,20172018,2,New York Islanders,16,Chicago Blackhawks,away win REG
2017020961,20172018,30,Minnesota Wild,28,San Jose Sharks,home win OT
2017020081,20172018,1,New Jersey Devils,14,Tampa Bay Lightning,home win SO
2017021147,20172018,5,Pittsburgh Penguins,1,New Jersey Devils,away win OT
2017020792,20172018,8,Montreal Canadiens,24,Anaheim Ducks,home win REG
2017020433,20172018,14,Tampa Bay Lightning,21,Colorado Avalanche,home win REG
2017020360,20172018,3,New York Rangers,23,Vancouver Canucks,home win SO
2017020222,20172018,23,Vancouver Canucks,17,Detroit Red Wings,away win REG
2017020548,20172018,3,New York Rangers,10,Toronto Maple Leafs,away win REG
2017020622,20172018,30,Minnesota Wild,7,Buffalo Sabres,home win REG
2017020491,20172018,7,Buffalo Sabres,12,Carolina Hurricanes,away win OT
2017020984,20172018,4,Philadelphia Flyers,12,Carolina Hurricanes,away win REG
2017020538,20172018,28,San Jose Sharks,23,Vancouver Canucks,home win OT
2017020771,20172018,20,Calgary Flames,54,Vegas Golden Knights,away win REG
2017020977,20172018,28,San Jose Sharks,22,Edmonton Oilers,home win REG
2017020599,20172018,20,Calgary Flames,16,Chicago Blackhawks,home win OT
2017020274,20172018,26,Los Angeles Kings,23,Vancouver Canucks,away win REG
2017020668,20172018,16,Chicago Blackhawks,52,Winnipeg Jets,home win REG
2017021229,20172018,1,New Jersey Devils,3,New York Rangers,home win REG
2017020076,20172018,28,San Jose Sharks,2,New York Islanders,away win REG
2017020527,20172018,4,Philadelphia Flyers,17,Detroit Red Wings,home win REG
2017021090,20172018,53,Arizona Coyotes,18,Nashville Predators,away win REG
2017020090,20172018,54,Vegas Golden Knights,7,Buffalo Sabres,home win OT
2017020477,20172018,17,Detroit Red Wings,6,Boston Bruins,away win OT
2017021148,20172018,19,St Louis Blues,23,Vancouver Canucks,home win REG
2017020358,20172018,26,Los Angeles Kings,24,Anaheim Ducks,home win SO
2017020101,20172018,21,Colorado Avalanche,19,St Louis Blues,away win REG
2017021051,20172018,4,Philadelphia Flyers,52,Winnipeg Jets,home win REG
2017021108,20172018,21,Colorado Avalanche,17,Detroit Red Wings,home win REG
2017020748,20172018,5,Pittsburgh Penguins,30,Minnesota Wild,home win REG
2017020589,20172018,15,Washington Capitals,1,New Jersey Devils,home win REG
2017020511,20172018,6,Boston Bruins,29,Columbus Blue Jackets,home win REG
2017020263,20172018,24,Anaheim Ducks,14,Tampa Bay Lightning,away win REG
2017020616,20172018,6,Boston Bruins,13,Florida Panthers,away win REG
2017020623,20172018,25,Dallas Stars,1,New Jersey Devils,home win REG
2017020331,20172018,53,Arizona Coyotes,28,San Jose Sharks,away win REG
2017020973,20172018,30,Minnesota Wild,19,St Louis Blues,home win REG
2017020200,20172018,9,Ottawa Senators,54,Vegas Golden Knights,away win REG
2017021156,20172018,13,Florida Panthers,53,Arizona Coyotes,home win REG
2017020100,20172018,16,Chicago Blackhawks,22,Edmonton Oilers,away win OT
2017020662,20172018,7,Buffalo Sabres,29,Columbus Blue Jackets,home win REG
2017020916,20172018,16,Chicago Blackhawks,26,Los Angeles Kings,away win REG
2017020647,20172018,29,Columbus Blue Jackets,13,Florida Panthers,home win SO
2017020112,20172018,6,Boston Bruins,7,Buffalo Sabres,away win OT
2017020926,20172018,23,Vancouver Canucks,21,Colorado Avalanche,away win OT
2017020216,20172018,20,Calgary Flames,1,New Jersey Devils,home win SO
2017020055,20172018,23,Vancouver Canucks,52,Winnipeg Jets,away win REG
2017020034,20172018,7,Buffalo Sabres,1,New Jersey Devils,away win REG
2017020097,20172018,4,Philadelphia Flyers,18,Nashville Predators,away win REG
2017020302,20172018,18,Nashville Predators,21,Colorado Avalanche,home win REG
2017021172,20172018,8,Montreal Canadiens,17,Detroit Red Wings,home win REG
2017020569,20172018,15,Washington Capitals,6,Boston Bruins,home win SO
2017020610,20172018,21,Colorado Avalanche,52,Winnipeg Jets,home win OT
2017020111,20172018,4,Philadelphia Flyers,22,Edmonton Oilers,home win REG
2017020134,20172018,21,Colorado Avalanche,25,Dallas Stars,home win REG
2017020473,20172018,16,Chicago Blackhawks,13,Florida Panthers,home win OT
2017021039,20172018,18,Nashville Predators,24,Anaheim Ducks,home win REG
2017020249,20172018,3,New York Rangers,22,Edmonton Oilers,home win REG
2017020237,20172018,8,Montreal Canadiens,30,Minnesota Wild,away win REG
2017020207,20172018,25,Dallas Stars,7,Buffalo Sabres,home win REG
2017020173,20172018,9,Ottawa Senators,8,Montreal Canadiens,away win REG
2017020122,20172018,17,Detroit Red Wings,23,Vancouver Canucks,away win REG
2017020235,20172018,1,New Jersey Devils,22,Edmonton Oilers,away win OT
2017021197,20172018,20,Calgary Flames,29,Columbus Blue Jackets,away win REG
2017020453,20172018,20,Calgary Flames,23,Vancouver Canucks,home win REG
2017020703,20172018,21,Colorado Avalanche,28,San Jose Sharks,home win REG
2017020935,20172018,17,Detroit Red Wings,7,Buffalo Sabres,away win OT
2017020370,20172018,4,Philadelphia Flyers,28,San Jose Sharks,away win REG
2017020269,20172018,13,Florida Panthers,25,Dallas Stars,home win SO
2017021042,20172018,26,Los Angeles Kings,15,Washington Capitals,home win REG
2017020797,20172018,1,New Jersey Devils,5,Pittsburgh Penguins,home win REG
2017021202,20172018,15,Washington Capitals,12,Carolina Hurricanes,away win REG
2017021179,20172018,17,Detroit Red Wings,5,Pittsburgh Penguins,home win REG
2017020457,20172018,16,Chicago Blackhawks,53,Arizona Coyotes,home win REG
2017020295,20172018,52,Winnipeg Jets,1,New Jersey Devils,home win REG
2017020573,20172018,23,Vancouver Canucks,16,Chicago Blackhawks,home win REG
2017020426,20172018,10,Toronto Maple Leafs,20,Calgary Flames,home win SO
2017020889,20172018,28,San Jose Sharks,23,Vancouver Canucks,home win REG
2017020367,20172018,7,Buffalo Sabres,14,Tampa Bay Lightning,away win REG
2017020914,20172018,20,Calgary Flames,6,Boston Bruins,away win OT
2017020674,20172018,30,Minnesota Wild,52,Winnipeg Jets,home win REG
2017021000,20172018,14,Tampa Bay Lightning,4,Philadelphia Flyers,home win SO
2017020645,20172018,16,Chicago Blackhawks,22,Edmonton Oilers,home win REG
2017020128,20172018,5,Pittsburgh Penguins,22,Edmonton Oilers,home win OT
2017020176,20172018,23,Vancouver Canucks,25,Dallas Stars,away win OT
2017020271,20172018,30,Minnesota Wild,4,Philadelphia Flyers,home win REG
2017020427,20172018,15,Washington Capitals,16,Chicago Blackhawks,home win REG
2017021022,20172018,3,New York Rangers,52,Winnipeg Jets,away win REG
2017020581,20172018,30,Minnesota Wild,18,Nashville Predators,home win REG
2017020937,20172018,18,Nashville Predators,28,San Jose Sharks,home win REG
2017021139,20172018,29,Columbus Blue Jackets,13,Florida Panthers,home win REG
2017020862,20172018,22,Edmonton Oilers,13,Florida Panthers,away win REG
2017020041,20172018,8,Montreal Canadiens,16,Chicago Blackhawks,away win REG
2017020340,20172018,1,New Jersey Devils,23,Vancouver Canucks,home win REG
2017020934,20172018,9,Ottawa Senators,14,Tampa Bay Lightning,away win REG
2017020780,20172018,12,Carolina Hurricanes,8,Montreal Canadiens,home win REG
2017021166,20172018,30,Minnesota Wild,6,Boston Bruins,away win OT
2017020217,20172018,6,Boston Bruins,30,Minnesota Wild,home win REG
2017020532,20172018,5,Pittsburgh Penguins,29,Columbus Blue Jackets,home win SO
2017020137,20172018,19,St Louis Blues,20,Calgary Flames,home win REG
2017020708,20172018,7,Buffalo Sabres,25,Dallas Stars,away win REG
2017020359,20172018,12,Carolina Hurricanes,18,Nashville Predators,home win SO
2017020115,20172018,2,New York Islanders,28,San Jose Sharks,home win REG
2017020980,20172018,19,St Louis Blues,17,Detroit Red Wings,home win REG
2017021044,20172018,29,Columbus Blue Jackets,17,Detroit Red Wings,home win REG
2017020964,20172018,29,Columbus Blue Jackets,15,Washington Capitals,home win REG
2017020043,20172018,25,Dallas Stars,17,Detroit Red Wings,home win REG
2017021005,20172018,15,Washington Capitals,10,Toronto Maple Leafs,home win REG
2017020485,20172018,52,Winnipeg Jets,16,Chicago Blackhawks,away win REG
2017020628,20172018,2,New York Islanders,5,Pittsburgh Penguins,away win REG
2017021063,20172018,3,New York Rangers,12,Carolina Hurricanes,home win REG
2017020556,20172018,23,Vancouver Canucks,19,St Louis Blues,away win REG
2017020377,20172018,6,Boston Bruins,14,Tampa Bay Lightning,home win REG
2017020038,20172018,24,Anaheim Ducks,20,Calgary Flames,away win REG
2017020374,20172018,20,Calgary Flames,10,Toronto Maple Leafs,away win REG
2017021219,20172018,14,Tampa Bay Lightning,18,Nashville Predators,away win REG
2017020268,20172018,8,Montreal Canadiens,29,Columbus Blue Jackets,away win OT
2017020139,20172018,10,Toronto Maple Leafs,12,Carolina Hurricanes,away win REG
2017020745,20172018,20,Calgary Flames,26,Los Angeles Kings,away win OT
2017020816,20172018,9,Ottawa Senators,1,New Jersey Devils,home win REG
2017021069,20172018,26,Los Angeles Kings,23,Vancouver Canucks,home win REG
2017020395,20172018,21,Colorado Avalanche,1,New Jersey Devils,away win REG
2017021011,20172018,1,New Jersey Devils,54,Vegas Golden Knights,away win REG
2017020320,20172018,17,Detroit Red Wings,22,Edmonton Oilers,away win REG
2017020341,20172018,3,New York Rangers,17,Detroit Red Wings,home win OT
2017020119,20172018,53,Arizona Coyotes,16,Chicago Blackhawks,away win REG
2017021261,20172018,13,Florida Panthers,7,Buffalo Sabres,home win REG
2017020697,20172018,3,New York Rangers,7,Buffalo Sabres,home win REG
2017020969,20172018,6,Boston Bruins,12,Carolina Hurricanes,home win OT
2017020655,20172018,9,Ottawa Senators,16,Chicago Blackhawks,away win REG
2017020691,20172018,18,Nashville Predators,54,Vegas Golden Knights,home win REG
2017020220,20172018,15,Washington Capitals,53,Arizona Coyotes,home win OT
2017021155,20172018,9,Ottawa Senators,12,Carolina Hurricanes,away win REG
2017020755,20172018,22,Edmonton Oilers,20,Calgary Flames,home win SO
2017020459,20172018,28,San Jose Sharks,30,Minnesota Wild,away win OT
2017021134,20172018,19,St Louis Blues,6,Boston Bruins,home win OT
2017020643,20172018,4,Philadelphia Flyers,7,Buffalo Sabres,home win REG
2017020258,20172018,18,Nashville Predators,5,Pittsburgh Penguins,home win SO
2017020255,20172018,4,Philadelphia Flyers,30,Minnesota Wild,away win REG
2017020369,20172018,3,New York Rangers,13,Florida Panthers,away win REG
2017021150,20172018,25,Dallas Stars,6,Boston Bruins,away win REG
2017020843,20172018,6,Boston Bruins,7,Buffalo Sabres,away win REG
2017020689,20172018,3,New York Rangers,4,Philadelphia Flyers,home win REG
2017021221,20172018,5,Pittsburgh Penguins,15,Washington Capitals,away win REG
2017020576,20172018,1,New Jersey Devils,7,Buffalo Sabres,away win OT
2017020191,20172018,19,St Louis Blues,4,Philadelphia Flyers,away win REG
2017020698,20172018,4,Philadelphia Flyers,10,Toronto Maple Leafs,home win OT
2017021043,20172018,28,San Jose Sharks,19,St Louis Blues,home win REG
2017021123,20172018,15,Washington Capitals,25,Dallas Stars,home win REG
2017020595,20172018,17,Detroit Red Wings,5,Pittsburgh Penguins,home win REG
2017020510,20172018,54,Vegas Golden Knights,13,Florida Panthers,home win REG
2017020694,20172018,24,Anaheim Ducks,5,Pittsburgh Penguins,home win REG
2017020597,20172018,21,Colorado Avalanche,2,New York Islanders,home win REG
2017020650,20172018,5,Pittsburgh Penguins,6,Boston Bruins,home win OT
2017020866,20172018,2,New York Islanders,29,Columbus Blue Jackets,away win REG
2017020526,20172018,29,Columbus Blue Jackets,10,Toronto Maple Leafs,home win REG
2017020910,20172018,52,Winnipeg Jets,13,Florida Panthers,home win REG
2017021224,20172018,9,Ottawa Senators,52,Winnipeg Jets,away win REG
2017020281,20172018,9,Ottawa Senators,5,Pittsburgh Penguins,away win REG
2017021062,20172018,53,Arizona Coyotes,23,Vancouver Canucks,home win REG
2017020293,20172018,9,Ottawa Senators,53,Arizona Coyotes,away win OT
2017020471,20172018,19,St Louis Blues,14,Tampa Bay Lightning,away win REG
2017020006,20172018,7,Buffalo Sabres,8,Montreal Canadiens,away win SO
2017020031,20172018,3,New York Rangers,8,Montreal Canadiens,home win REG
2017021137,20172018,4,Philadelphia Flyers,3,New York Rangers,home win REG
2017021121,20172018,2,New York Islanders,5,Pittsburgh Penguins,home win REG
2017020105,20172018,1,New Jersey Devils,28,San Jose Sharks,away win REG
2017021082,20172018,24,Anaheim Ducks,23,Vancouver Canucks,home win REG
2017020383,20172018,18,Nashville Predators,23,Vancouver Canucks,away win REG
2017021122,20172018,3,New York Rangers,29,Columbus Blue Jackets,away win REG
2017020820,20172018,52,Winnipeg Jets,53,Arizona Coyotes,home win REG
2017020552,20172018,22,Edmonton Oilers,8,Montreal Canadiens,home win REG
2017020909,20172018,17,Detroit Red Wings,10,Toronto Maple Leafs,away win REG
2017020995,20172018,21,Colorado Avalanche,30,Minnesota Wild,home win REG
2017020276,20172018,16,Chicago Blackhawks,3,New York Rangers,home win REG
2017020714,20172018,17,Detroit Red Wings,12,Carolina Hurricanes,away win REG
2017020044,20172018,23,Vancouver Canucks,9,Ottawa Senators,away win SO
2017020938,20172018,22,Edmonton Oilers,21,Colorado Avalanche,home win OT
2017020752,20172018,13,Florida Panthers,15,Washington Capitals,away win REG
2017020913,20172018,7,Buffalo Sabres,15,Washington Capitals,away win REG
2017020618,20172018,4,Philadelphia Flyers,2,New York Islanders,home win REG
2017020720,20172018,22,Edmonton Oilers,23,Vancouver Canucks,home win REG
2017021252,20172018,28,San Jose Sharks,21,Colorado Avalanche,home win REG
2017020785,20172018,22,Edmonton Oilers,21,Colorado Avalanche,away win OT
2017020878,20172018,23,Vancouver Canucks,13,Florida Panthers,away win REG
2017021181,20172018,18,Nashville Predators,30,Minnesota Wild,home win SO
2017020042,20172018,18,Nashville Predators,4,Philadelphia Flyers,home win REG
2017020066,20172018,4,Philadelphia Flyers,15,Washington Capitals,home win REG
2017020233,20172018,3,New York Rangers,6,Boston Bruins,home win REG
2017020994,20172018,52,Winnipeg Jets,17,Detroit Red Wings,home win REG
2017020428,20172018,22,Edmonton Oilers,4,Philadelphia Flyers,away win REG
2017020095,20172018,6,Boston Bruins,23,Vancouver Canucks,home win REG
2017020602,20172018,10,Toronto Maple Leafs,14,Tampa Bay Lightning,away win REG
2017020796,20172018,13,Florida Panthers,17,Detroit Red Wings,home win REG
2017020152,20172018,12,Carolina Hurricanes,19,St Louis Blues,away win REG
2017020825,20172018,26,Los Angeles Kings,22,Edmonton Oilers,home win REG
2017021142,20172018,18,Nashville Predators,10,Toronto Maple Leafs,away win REG
2017021077,20172018,53,Arizona Coyotes,26,Los Angeles Kings,home win SO
2017020290,20172018,29,Columbus Blue Jackets,3,New York Rangers,home win REG
2017020131,20172018,9,Ottawa Senators,26,Los Angeles Kings,away win SO
2017020493,20172018,3,New York Rangers,26,Los Angeles Kings,home win REG
2017021193,20172018,9,Ottawa Senators,13,Florida Panthers,home win OT
2017021177,20172018,1,New Jersey Devils,12,Carolina Hurricanes,home win REG
2017020858,20172018,2,New York Islanders,20,Calgary Flames,away win REG
2017020951,20172018,13,Florida Panthers,5,Pittsburgh Penguins,home win REG
2017020036,20172018,14,Tampa Bay Lightning,15,Washington Capitals,home win OT
2017021262,20172018,15,Washington Capitals,1,New Jersey Devils,home win REG
2017020353,20172018,5,Pittsburgh Penguins,14,Tampa Bay Lightning,home win REG
2017020158,20172018,8,Montreal Canadiens,3,New York Rangers,home win REG
2017020394,20172018,52,Winnipeg Jets,54,Vegas Golden Knights,home win REG
2017020551,20172018,29,Columbus Blue Jackets,4,Philadelphia Flyers,home win SO
2017020922,20172018,17,Detroit Red Wings,18,Nashville Predators,away win REG
2017020323,20172018,2,New York Islanders,4,Philadelphia Flyers,home win OT
2017020554,20172018,53,Arizona Coyotes,21,Colorado Avalanche,away win REG
2017021026,20172018,30,Minnesota Wild,12,Carolina Hurricanes,home win REG
2017020425,20172018,26,Los Angeles Kings,30,Minnesota Wild,home win REG
2017021058,20172018,22,Edmonton Oilers,30,Minnesota Wild,home win REG
2017020326,20172018,12,Carolina Hurricanes,3,New York Rangers,away win REG
2017020461,20172018,3,New York Rangers,25,Dallas Stars,away win SO
2017020651,20172018,54,Vegas Golden Knights,3,New York Rangers,home win REG
2017020048,20172018,21,Colorado Avalanche,6,Boston Bruins,home win REG
2017020781,20172018,9,Ottawa Senators,24,Anaheim Ducks,home win OT
2017020936,20172018,13,Florida Panthers,15,Washington Capitals,home win REG
2017020815,20172018,29,Columbus Blue Jackets,15,Washington Capitals,away win REG
2017020075,20172018,26,Los Angeles Kings,7,Buffalo Sabres,home win REG
2017020773,20172018,10,Toronto Maple Leafs,2,New York Islanders,home win REG
2017020333,20172018,26,Los Angeles Kings,52,Winnipeg Jets,away win REG
2017020053,20172018,18,Nashville Predators,25,Dallas Stars,home win REG
2017020310,20172018,7,Buffalo Sabres,29,Columbus Blue Jackets,away win REG
2017020223,20172018,7,Buffalo Sabres,15,Washington Capitals,home win REG
2017020286,20172018,22,Edmonton Oilers,19,St Louis Blues,away win REG
2017020963,20172018,53,Arizona Coyotes,23,Vancouver Canucks,away win REG
2017020849,20172018,30,Minnesota Wild,16,Chicago Blackhawks,home win REG
2017020110,20172018,3,New York Rangers,18,Nashville Predators,home win REG
2017021004,20172018,5,Pittsburgh Penguins,2,New York Islanders,home win OT
2017020121,20172018,54,Vegas Golden Knights,19,St Louis Blues,home win OT
2017021242,20172018,2,New York Islanders,3,New York Rangers,home win REG
2017020294,20172018,25,Dallas Stars,22,Edmonton Oilers,home win REG
2017020730,20172018,20,Calgary Flames,7,Buffalo Sabres,away win OT
2017021140,20172018,9,Ottawa Senators,22,Edmonton Oilers,away win REG
2017020505,20172018,21,Colorado Avalanche,14,Tampa Bay Lightning,away win REG
2017020435,20172018,19,St Louis Blues,25,Dallas Stars,home win REG
2017020974,20172018,52,Winnipeg Jets,18,Nashville Predators,away win REG
2017020547,20172018,1,New Jersey Devils,16,Chicago Blackhawks,home win REG
2017021036,20172018,17,Detroit Red Wings,54,Vegas Golden Knights,away win REG
2017020151,20172018,29,Columbus Blue Jackets,52,Winnipeg Jets,home win OT
2017020257,20172018,19,St Louis Blues,2,New York Islanders,away win REG
2017020968,20172018,26,Los Angeles Kings,54,Vegas Golden Knights,home win OT
2017020479,20172018,6,Boston Bruins,15,Washington Capitals,away win REG
2017020210,20172018,23,Vancouver Canucks,5,Pittsburgh Penguins,home win REG
2017020298,20172018,8,Montreal Canadiens,10,Toronto Maple Leafs,away win REG
2017020695,20172018,1,New Jersey Devils,15,Washington Capitals,home win OT
2017020673,20172018,1,New Jersey Devils,4,Philadelphia Flyers,away win REG
2017020654,20172018,15,Washington Capitals,23,Vancouver Canucks,home win REG
2017020664,20172018,14,Tampa Bay Lightning,20,Calgary Flames,away win REG
2017020344,20172018,19,St Louis Blues,18,Nashville Predators,away win REG
2017020636,20172018,6,Boston Bruins,12,Carolina Hurricanes,home win REG
2017021249,20172018,22,Edmonton Oilers,54,Vegas Golden Knights,home win REG
2017020967,20172018,21,Colorado Avalanche,23,Vancouver Canucks,home win REG
2017020818,20172018,13,Florida Panthers,23,Vancouver Canucks,home win REG
2017020756,20172018,53,Arizona Coyotes,29,Columbus Blue Jackets,away win REG
2017020016,20172018,10,Toronto Maple Leafs,3,New York Rangers,home win REG
2017020153,20172018,16,Chicago Blackhawks,18,Nashville Predators,away win REG
2017020957,20172018,26,Los Angeles Kings,22,Edmonton Oilers,away win REG
2017020198,20172018,22,Edmonton Oilers,1,New Jersey Devils,home win REG
2017020211,20172018,26,Los Angeles Kings,18,Nashville Predators,away win OT
2017020183,20172018,23,Vancouver Canucks,1,New Jersey Devils,away win REG
2017020649,20172018,17,Detroit Red Wings,14,Tampa Bay Lightning,away win REG
2017020946,20172018,9,Ottawa Senators,4,Philadelphia Flyers,away win REG
2017021236,20172018,23,Vancouver Canucks,54,Vegas Golden Knights,away win SO
2017020125,20172018,7,Buffalo Sabres,17,Detroit Red Wings,home win REG
2017020925,20172018,22,Edmonton Oilers,6,Boston Bruins,away win REG
2017020321,20172018,13,Florida Panthers,10,Toronto Maple Leafs,home win SO
2017020238,20172018,19,St Louis Blues,53,Arizona Coyotes,home win SO
2017020579,20172018,14,Tampa Bay Lightning,4,Philadelphia Flyers,away win REG
2017020309,20172018,24,Anaheim Ducks,13,Florida Panthers,home win REG
2017020690,20172018,17,Detroit Red Wings,25,Dallas Stars,away win REG
2017020385,20172018,16,Chicago Blackhawks,25,Dallas Stars,away win OT
2017020678,20172018,28,San Jose Sharks,53,Arizona Coyotes,home win OT
2017020743,20172018,28,San Jose Sharks,52,Winnipeg Jets,away win OT
2017020470,20172018,29,Columbus Blue Jackets,22,Edmonton Oilers,away win REG
2017020646,20172018,52,Winnipeg Jets,28,San Jose Sharks,home win REG
2017020415,20172018,20,Calgary Flames,4,Philadelphia Flyers,away win REG
2017021235,20172018,20,Calgary Flames,53,Arizona Coyotes,away win REG
2017020488,20172018,22,Edmonton Oilers,18,Nashville Predators,away win REG
2017021132,20172018,7,Buffalo Sabres,53,Arizona Coyotes,away win REG
2017020661,20172018,16,Chicago Blackhawks,30,Minnesota Wild,away win REG
2017020546,20172018,13,Florida Panthers,9,Ottawa Senators,home win REG
2017020376,20172018,54,Vegas Golden Knights,25,Dallas Stars,away win REG
2017020439,20172018,1,New Jersey Devils,29,Columbus Blue Jackets,away win REG
2017020873,20172018,52,Winnipeg Jets,15,Washington Capitals,home win OT
2017020262,20172018,16,Chicago Blackhawks,1,New Jersey Devils,away win REG
2017020024,20172018,19,St Louis Blues,25,Dallas Stars,home win REG
2017020417,20172018,29,Columbus Blue Jackets,1,New Jersey Devils,away win REG
2017020886,20172018,16,Chicago Blackhawks,24,Anaheim Ducks,away win REG
2017020975,20172018,25,Dallas Stars,20,Calgary Flames,home win REG
2017020894,20172018,7,Buffalo Sabres,26,Los Angeles Kings,away win REG
2017020026,20172018,53,Arizona Coyotes,54,Vegas Golden Knights,away win OT
2017020615,20172018,3,New York Rangers,16,Chicago Blackhawks,away win REG
2017020267,20172018,5,Pittsburgh Penguins,7,Buffalo Sabres,home win OT
2017020421,20172018,25,Dallas Stars,18,Nashville Predators,away win REG
2017020522,20172018,25,Dallas Stars,15,Washington Capitals,away win OT
2017020541,20172018,20,Calgary Flames,8,Montreal Canadiens,away win REG
2017020572,20172018,53,Arizona Coyotes,10,Toronto Maple Leafs,away win REG
2017020725,20172018,26,Los Angeles Kings,3,New York Rangers,home win REG
2017020224,20172018,1,New Jersey Devils,19,St Louis Blues,away win REG
2017020724,20172018,24,Anaheim Ducks,28,San Jose Sharks,away win REG
2017020336,20172018,30,Minnesota Wild,21,Colorado Avalanche,home win SO
2017020343,20172018,12,Carolina Hurricanes,10,Toronto Maple Leafs,away win REG
2017021169,20172018,2,New York Islanders,13,Florida Panthers,away win REG
2017020148,20172018,23,Vancouver Canucks,15,Washington Capitals,home win REG
2017021243,20172018,4,Philadelphia Flyers,12,Carolina Hurricanes,home win REG
2017020099,20172018,9,Ottawa Senators,1,New Jersey Devils,away win OT
2017020672,20172018,8,Montreal Canadiens,6,Boston Bruins,away win SO
2017020350,20172018,9,Ottawa Senators,2,New York Islanders,away win REG
2017021028,20172018,24,Anaheim Ducks,15,Washington Capitals,home win REG
2017020653,20172018,7,Buffalo Sabres,52,Winnipeg Jets,away win REG
2017020244,20172018,15,Washington Capitals,5,Pittsburgh Penguins,home win REG
2017020476,20172018,2,New York Islanders,25,Dallas Stars,away win REG
2017021032,20172018,6,Boston Bruins,4,Philadelphia Flyers,home win REG
2017020871,20172018,18,Nashville Predators,19,St Louis Blues,home win OT
2017020265,20172018,12,Carolina Hurricanes,25,Dallas Stars,home win REG
2017020253,20172018,17,Detroit Red Wings,29,Columbus Blue Jackets,away win SO
2017020094,20172018,26,Los Angeles Kings,8,Montreal Canadiens,home win REG
2017020592,20172018,23,Vancouver Canucks,26,Los Angeles Kings,away win REG
2017020104,20172018,7,Buffalo Sabres,23,Vancouver Canucks,away win REG
2017020184,20172018,24,Anaheim Ducks,10,Toronto Maple Leafs,away win REG
2017020855,20172018,25,Dallas Stars,23,Vancouver Canucks,away win REG
2017020328,20172018,14,Tampa Bay Lightning,16,Chicago Blackhawks,home win OT
2017020924,20172018,52,Winnipeg Jets,26,Los Angeles Kings,away win REG
2017021178,20172018,9,Ottawa Senators,2,New York Islanders,away win REG
2017020607,20172018,19,St Louis Blues,1,New Jersey Devils,home win SO
2017020259,20172018,53,Arizona Coyotes,52,Winnipeg Jets,away win REG
2017020828,20172018,4,Philadelphia Flyers,8,Montreal Canadiens,home win REG
2017020448,20172018,13,Florida Panthers,21,Colorado Avalanche,away win REG
2017021095,20172018,20,Calgary Flames,28,San Jose Sharks,away win REG
2017020770,20172018,25,Dallas Stars,26,Los Angeles Kings,away win REG
2017021083,20172018,7,Buffalo Sabres,10,Toronto Maple Leafs,away win REG
2017021067,20172018,13,Florida Panthers,9,Ottawa Senators,away win REG
2017021027,20172018,16,Chicago Blackhawks,21,Colorado Avalanche,home win OT
2017020400,20172018,5,Pittsburgh Penguins,7,Buffalo Sabres,home win REG
2017020168,20172018,52,Winnipeg Jets,5,Pittsburgh Penguins,home win REG
2017021234,20172018,13,Florida Panthers,18,Nashville Predators,home win REG
2017020078,20172018,24,Anaheim Ducks,7,Buffalo Sabres,away win REG
2017020035,20172018,10,Toronto Maple Leafs,16,Chicago Blackhawks,home win OT
2017020533,20172018,14,Tampa Bay Lightning,9,Ottawa Senators,home win SO
2017020594,20172018,29,Columbus Blue Jackets,14,Tampa Bay Lightning,away win REG
2017020123,20172018,10,Toronto Maple Leafs,26,Los Angeles Kings,home win REG
2017020753,20172018,19,St Louis Blues,21,Colorado Avalanche,home win REG
2017020327,20172018,29,Columbus Blue Jackets,20,Calgary Flames,home win OT
2017021223,20172018,10,Toronto Maple Leafs,7,Buffalo Sabres,home win REG
2017020657,20172018,19,St Louis Blues,13,Florida Panthers,away win REG
2017020999,20172018,24,Anaheim Ducks,29,Columbus Blue Jackets,home win REG
2017021035,20172018,9,Ottawa Senators,7,Buffalo Sabres,away win SO
2017020692,20172018,53,Arizona Coyotes,28,San Jose Sharks,away win SO
2017020434,20172018,13,Florida Panthers,52,Winnipeg Jets,home win REG
2017020834,20172018,28,San Jose Sharks,54,Vegas Golden Knights,away win REG
2017021002,20172018,26,Los Angeles Kings,16,Chicago Blackhawks,away win REG
2017020436,20172018,23,Vancouver Canucks,4,Philadelphia Flyers,away win REG
2017020080,20172018,17,Detroit Red Wings,14,Tampa Bay Lightning,away win REG
2017020363,20172018,5,Pittsburgh Penguins,4,Philadelphia Flyers,home win OT
2017020389,20172018,2,New York Islanders,9,Ottawa Senators,away win REG
2017021018,20172018,22,Edmonton Oilers,53,Arizona Coyotes,home win OT
2017021049,20172018,7,Buffalo Sabres,54,Vegas Golden Knights,away win SO
2017020663,20172018,15,Washington Capitals,12,Carolina Hurricanes,away win REG
2017020808,20172018,10,Toronto Maple Leafs,24,Anaheim Ducks,home win REG
2017021115,20172018,24,Anaheim Ducks,1,New Jersey Devils,home win REG
2017020068,20172018,52,Winnipeg Jets,12,Carolina Hurricanes,home win REG
2017020568,20172018,24,Anaheim Ducks,54,Vegas Golden Knights,away win REG
2017020487,20172018,20,Calgary Flames,28,San Jose Sharks,away win REG
2017020985,20172018,13,Florida Panthers,1,New Jersey Devils,home win REG
2017020014,20172018,14,Tampa Bay Lightning,13,Florida Panthers,home win REG
2017020702,20172018,18,Nashville Predators,53,Arizona Coyotes,home win SO
2017020088,20172018,25,Dallas Stars,53,Arizona Coyotes,home win REG
2017020023,20172018,12,Carolina Hurricanes,30,Minnesota Wild,home win SO
2017021199,20172018,26,Los Angeles Kings,53,Arizona Coyotes,home win REG
2017021130,20172018,54,Vegas Golden Knights,23,Vancouver Canucks,home win REG
2017021055,20172018,10,Toronto Maple Leafs,5,Pittsburgh Penguins,home win REG
2017020338,20172018,15,Washington Capitals,14,Tampa Bay Lightning,home win REG
2017020002,20172018,5,Pittsburgh Penguins,19,St Louis Blues,away win OT
2017020931,20172018,1,New Jersey Devils,30,Minnesota Wild,away win REG
2017020025,20172018,16,Chicago Blackhawks,29,Columbus Blue Jackets,home win REG
2017020640,20172018,20,Calgary Flames,24,Anaheim Ducks,home win REG
2017020793,20172018,4,Philadelphia Flyers,9,Ottawa Senators,away win SO
2017020082,20172018,3,New York Rangers,5,Pittsburgh Penguins,away win OT
2017020693,20172018,6,Boston Bruins,8,Montreal Canadiens,home win REG
2017020190,20172018,13,Florida Panthers,29,Columbus Blue Jackets,away win REG
2017021213,20172018,18,Nashville Predators,7,Buffalo Sabres,away win REG
2017021151,20172018,21,Colorado Avalanche,54,Vegas Golden Knights,home win SO
2017020264,20172018,26,Los Angeles Kings,28,San Jose Sharks,away win REG
2017020460,20172018,2,New York Islanders,15,Washington Capitals,home win REG
2017021072,20172018,8,Montreal Canadiens,25,Dallas Stars,home win REG
2017021008,20172018,13,Florida Panthers,4,Philadelphia Flyers,home win REG
2017021149,20172018,52,Winnipeg Jets,24,Anaheim Ducks,home win OT
2017020409,20172018,52,Winnipeg Jets,9,Ottawa Senators,home win REG
2017020666,20172018,13,Florida Panthers,20,Calgary Flames,away win REG
2017021162,20172018,22,Edmonton Oilers,26,Los Angeles Kings,home win REG
2017020213,20172018,22,Edmonton Oilers,17,Detroit Red Wings,away win REG
2017020850,20172018,53,Arizona Coyotes,4,Philadelphia Flyers,away win SO
2017021153,20172018,10,Toronto Maple Leafs,17,Detroit Red Wings,home win REG
2017020458,20172018,19,St Louis Blues,7,Buffalo Sabres,home win OT
2017021250,20172018,23,Vancouver Canucks,53,Arizona Coyotes,home win OT
2017020634,20172018,25,Dallas Stars,22,Edmonton Oilers,home win REG
2017020297,20172018,7,Buffalo Sabres,12,Carolina Hurricanes,away win REG
2017021073,20172018,14,Tampa Bay Lightning,9,Ottawa Senators,away win REG
2017020085,20172018,9,Ottawa Senators,23,Vancouver Canucks,away win REG
2017020899,20172018,5,Pittsburgh Penguins,10,Toronto Maple Leafs,home win REG
2017020440,20172018,15,Washington Capitals,3,New York Rangers,home win REG
2017021144,20172018,21,Colorado Avalanche,26,Los Angeles Kings,away win REG
2017020170,20172018,2,New York Islanders,54,Vegas Golden Knights,home win REG
2017021085,20172018,4,Philadelphia Flyers,29,Columbus Blue Jackets,away win REG
2017020928,20172018,24,Anaheim Ducks,25,Dallas Stars,home win REG
2017021117,20172018,7,Buffalo Sabres,18,Nashville Predators,away win REG
2017020299,20172018,14,Tampa Bay Lightning,2,New York Islanders,away win REG
2017020378,20172018,8,Montreal Canadiens,9,Ottawa Senators,home win REG
2017020308,20172018,54,Vegas Golden Knights,26,Los Angeles Kings,home win REG
2017020032,20172018,6,Boston Bruins,21,Colorado Avalanche,away win REG
2017021068,20172018,24,Anaheim Ducks,19,St Louis Blues,away win REG
2017020751,20172018,17,Detroit Red Wings,16,Chicago Blackhawks,away win REG
2017020944,20172018,16,Chicago Blackhawks,28,San Jose Sharks,home win REG
2017021106,20172018,53,Arizona Coyotes,30,Minnesota Wild,away win REG
2017020516,20172018,10,Toronto Maple Leafs,12,Carolina Hurricanes,home win REG
2017021052,20172018,21,Colorado Avalanche,53,Arizona Coyotes,home win REG
2017020215,20172018,16,Chicago Blackhawks,8,Montreal Canadiens,away win REG
2017020392,20172018,13,Florida Panthers,28,San Jose Sharks,away win REG
2017020683,20172018,6,Boston Bruins,25,Dallas Stars,away win OT
2017020232,20172018,10,Toronto Maple Leafs,30,Minnesota Wild,home win REG
2017020779,20172018,3,New York Rangers,10,Toronto Maple Leafs,away win REG
2017020801,20172018,25,Dallas Stars,30,Minnesota Wild,home win REG
2017020713,20172018,9,Ottawa Senators,10,Toronto Maple Leafs,away win REG
2017020252,20172018,9,Ottawa Senators,21,Colorado Avalanche,home win REG
2017021079,20172018,3,New York Rangers,5,Pittsburgh Penguins,home win OT
2017020686,20172018,8,Montreal Canadiens,2,New York Islanders,away win OT
2017020844,20172018,10,Toronto Maple Leafs,9,Ottawa Senators,home win REG
2017020976,20172018,54,Vegas Golden Knights,26,Los Angeles Kings,away win REG
2017020029,20172018,24,Anaheim Ducks,4,Philadelphia Flyers,away win OT
2017020241,20172018,26,Los Angeles Kings,14,Tampa Bay Lightning,away win REG
2017020499,20172018,2,New York Islanders,26,Los Angeles Kings,home win OT
2017020489,20172018,53,Arizona Coyotes,14,Tampa Bay Lightning,away win REG
2017021020,20172018,6,Boston Bruins,17,Detroit Red Wings,home win OT
2017020633,20172018,4,Philadelphia Flyers,19,St Louis Blues,home win REG
2017020406,20172018,25,Dallas Stars,16,Chicago Blackhawks,home win SO
2017020784,20172018,20,Calgary Flames,14,Tampa Bay Lightning,away win REG
2017020142,20172018,8,Montreal Canadiens,26,Los Angeles Kings,away win REG
2017020947,20172018,20,Calgary Flames,21,Colorado Avalanche,home win REG
2017020517,20172018,7,Buffalo Sabres,6,Boston Bruins,away win REG
2017021029,20172018,7,Buffalo Sabres,20,Calgary Flames,away win REG
2017020700,20172018,9,Ottawa Senators,19,St Louis Blues,away win REG
2017020418,20172018,8,Montreal Canadiens,19,St Louis Blues,away win REG
2017020368,20172018,2,New York Islanders,23,Vancouver Canucks,home win REG
2017021056,20172018,13,Florida Panthers,3,New York Rangers,home win SO
2017020513,20172018,4,Philadelphia Flyers,26,Los Angeles Kings,away win REG
2017020273,20172018,22,Edmonton Oilers,54,Vegas Golden Knights,home win REG
2017020709,20172018,4,Philadelphia Flyers,1,New Jersey Devils,home win REG
2017021266,20172018,21,Colorado Avalanche,19,St Louis Blues,home win REG
2017020225,20172018,2,New York Islanders,22,Edmonton Oilers,away win OT
2017021089,20172018,52,Winnipeg Jets,16,Chicago Blackhawks,home win REG
2017021048,20172018,6,Boston Bruins,16,Chicago Blackhawks,home win REG
2017020639,20172018,53,Arizona Coyotes,3,New York Rangers,away win SO
2017020174,20172018,13,Florida Panthers,14,Tampa Bay Lightning,away win REG
2017020420,20172018,14,Tampa Bay Lightning,2,New York Islanders,home win REG
2017020583,20172018,25,Dallas Stars,19,St Louis Blues,home win REG
2017020767,20172018,19,St Louis Blues,8,Montreal Canadiens,home win REG
2017020332,20172018,24,Anaheim Ducks,54,Vegas Golden Knights,away win REG
2017020859,20172018,54,Vegas Golden Knights,4,Philadelphia Flyers,away win REG
2017020901,20172018,18,Nashville Predators,17,Detroit Red Wings,away win REG
2017020187,20172018,15,Washington Capitals,2,New York Islanders,home win REG
2017020175,20172018,19,St Louis Blues,26,Los Angeles Kings,home win REG
2017021240,20172018,24,Anaheim Ducks,30,Minnesota Wild,home win REG
2017020880,20172018,2,New York Islanders,3,New York Rangers,home win REG
2017020966,20172018,14,Tampa Bay Lightning,10,Toronto Maple Leafs,home win SO
2017020774,20172018,17,Detroit Red Wings,28,San Jose Sharks,home win SO
2017020970,20172018,5,Pittsburgh Penguins,1,New Jersey Devils,away win REG
2017021230,20172018,2,New York Islanders,4,Philadelphia Flyers,home win REG
2017021253,20172018,5,Pittsburgh Penguins,9,Ottawa Senators,home win REG
2017021136,20172018,2,New York Islanders,14,Tampa Bay Lightning,away win REG
2017020011,20172018,24,Anaheim Ducks,53,Arizona Coyotes,home win REG
2017021182,20172018,52,Winnipeg Jets,6,Boston Bruins,home win SO
2017020497,20172018,6,Boston Bruins,3,New York Rangers,away win OT
2017020373,20172018,18,Nashville Predators,16,Chicago Blackhawks,home win REG
2017020130,20172018,8,Montreal Canadiens,13,Florida Panthers,home win REG
2017020275,20172018,17,Detroit Red Wings,20,Calgary Flames,home win REG
2017021116,20172018,6,Boston Bruins,29,Columbus Blue Jackets,away win OT
2017020612,20172018,23,Vancouver Canucks,24,Anaheim Ducks,away win REG
2017020524,20172018,23,Vancouver Canucks,8,Montreal Canadiens,away win REG
2017020356,20172018,21,Colorado Avalanche,20,Calgary Flames,away win REG
2017020629,20172018,9,Ottawa Senators,28,San Jose Sharks,home win OT
2017021185,20172018,23,Vancouver Canucks,24,Anaheim Ducks,home win REG
2017021217,20172018,54,Vegas Golden Knights,28,San Jose Sharks,home win REG
2017020287,20172018,23,Vancouver Canucks,54,Vegas Golden Knights,away win REG
2017020495,20172018,23,Vancouver Canucks,28,San Jose Sharks,home win OT
2017020887,20172018,53,Arizona Coyotes,8,Montreal Canadiens,home win REG
2017020073,20172018,22,Edmonton Oilers,9,Ottawa Senators,away win REG
2017020279,20172018,2,New York Islanders,12,Carolina Hurricanes,home win REG
2017020512,20172018,1,New Jersey Devils,24,Anaheim Ducks,home win REG
2017020501,20172018,19,St Louis Blues,52,Winnipeg Jets,home win REG
2017021086,20172018,8,Montreal Canadiens,5,Pittsburgh Penguins,away win REG
2017020313,20172018,18,Nashville Predators,52,Winnipeg Jets,home win REG
2017020619,20172018,5,Pittsburgh Penguins,12,Carolina Hurricanes,away win REG
2017020347,20172018,54,Vegas Golden Knights,28,San Jose Sharks,home win OT
2017020351,20172018,17,Detroit Red Wings,1,New Jersey Devils,away win OT
2017021013,20172018,30,Minnesota Wild,17,Detroit Red Wings,home win REG
2017020842,20172018,24,Anaheim Ducks,22,Edmonton Oilers,home win REG
2017020906,20172018,21,Colorado Avalanche,22,Edmonton Oilers,away win REG
2017021009,20172018,21,Colorado Avalanche,18,Nashville Predators,away win OT
2017020508,20172018,16,Chicago Blackhawks,30,Minnesota Wild,home win REG
2017020543,20172018,6,Boston Bruins,17,Detroit Red Wings,home win REG
2017020452,20172018,25,Dallas Stars,54,Vegas Golden Knights,away win REG
2017020362,20172018,1,New Jersey Devils,13,Florida Panthers,away win REG
2017020620,20172018,8,Montreal Canadiens,14,Tampa Bay Lightning,home win SO
2017020829,20172018,9,Ottawa Senators,18,Nashville Predators,home win OT
2017020422,20172018,21,Colorado Avalanche,7,Buffalo Sabres,away win REG
2017021258,20172018,6,Boston Bruins,9,Ottawa Senators,home win REG
2017021254,20172018,14,Tampa Bay Lightning,7,Buffalo Sabres,home win REG
2017021247,20172018,13,Florida Panthers,6,Boston Bruins,home win REG
2017020017,20172018,9,Ottawa Senators,17,Detroit Red Wings,away win SO
2017021216,20172018,20,Calgary Flames,22,Edmonton Oilers,home win REG
2017020868,20172018,5,Pittsburgh Penguins,9,Ottawa Senators,home win REG
2017021110,20172018,14,Tampa Bay Lightning,22,Edmonton Oilers,home win REG
2017020070,20172018,30,Minnesota Wild,29,Columbus Blue Jackets,away win OT
2017020933,20172018,8,Montreal Canadiens,3,New York Rangers,home win REG
2017020874,20172018,54,Vegas Golden Knights,16,Chicago Blackhawks,home win REG
2017020270,20172018,18,Nashville Predators,15,Washington Capitals,home win REG
2017020008,20172018,9,Ottawa Senators,15,Washington Capitals,away win SO
2017020998,20172018,54,Vegas Golden Knights,9,Ottawa Senators,away win REG
2017021045,20172018,9,Ottawa Senators,20,Calgary Flames,away win REG
2017020357,20172018,28,San Jose Sharks,52,Winnipeg Jets,home win REG
2017020169,20172018,20,Calgary Flames,15,Washington Capitals,home win REG
2017020472,20172018,30,Minnesota Wild,20,Calgary Flames,home win SO
2017020553,20172018,25,Dallas Stars,18,Nashville Predators,home win SO
2017020897,20172018,53,Arizona Coyotes,22,Edmonton Oilers,home win REG
2017020891,20172018,12,Carolina Hurricanes,2,New York Islanders,away win REG
2017020680,20172018,12,Carolina Hurricanes,20,Calgary Flames,away win REG
2017020717,20172018,28,San Jose Sharks,5,Pittsburgh Penguins,home win REG
2017020300,20172018,5,Pittsburgh Penguins,16,Chicago Blackhawks,away win REG
2017020875,20172018,28,San Jose Sharks,53,Arizona Coyotes,away win REG
2017020907,20172018,12,Carolina Hurricanes,1,New Jersey Devils,away win OT
2017020364,20172018,8,Montreal Canadiens,29,Columbus Blue Jackets,home win REG
2017020856,20172018,7,Buffalo Sabres,21,Colorado Avalanche,away win REG
2017021096,20172018,24,Anaheim Ducks,17,Detroit Red Wings,home win REG
2017020335,20172018,4,Philadelphia Flyers,2,New York Islanders,away win OT
2017020468,20172018,4,Philadelphia Flyers,10,Toronto Maple Leafs,home win REG
2017020958,20172018,7,Buffalo Sabres,6,Boston Bruins,home win REG
2017020739,20172018,22,Edmonton Oilers,7,Buffalo Sabres,away win REG
2017020705,20172018,13,Florida Panthers,54,Vegas Golden Knights,home win OT
2017020437,20172018,26,Los Angeles Kings,9,Ottawa Senators,home win OT
2017020346,20172018,53,Arizona Coyotes,26,Los Angeles Kings,home win OT
2017020478,20172018,23,Vancouver Canucks,18,Nashville Predators,away win REG
2017021154,20172018,8,Montreal Canadiens,15,Washington Capitals,away win REG
2017020484,20172018,30,Minnesota Wild,10,Toronto Maple Leafs,home win REG
2017020177,20172018,28,San Jose Sharks,10,Toronto Maple Leafs,home win REG
2017020521,20172018,18,Nashville Predators,52,Winnipeg Jets,away win REG
2017021064,20172018,4,Philadelphia Flyers,54,Vegas Golden Knights,away win REG
2017020979,20172018,14,Tampa Bay Lightning,7,Buffalo Sabres,away win OT
2017021103,20172018,12,Carolina Hurricanes,4,Philadelphia Flyers,away win REG
2017021173,20172018,14,Tampa Bay Lightning,53,Arizona Coyotes,away win REG
2017020463,20172018,17,Detroit Red Wings,13,Florida Panthers,away win OT
2017020939,20172018,53,Arizona Coyotes,20,Calgary Flames,away win REG
2017020593,20172018,54,Vegas Golden Knights,10,Toronto Maple Leafs,home win REG
2017020010,20172018,16,Chicago Blackhawks,5,Pittsburgh Penguins,home win REG
2017020135,20172018,54,Vegas Golden Knights,16,Chicago Blackhawks,home win REG
2017020585,20172018,22,Edmonton Oilers,16,Chicago Blackhawks,away win OT
2017020611,20172018,22,Edmonton Oilers,26,Los Angeles Kings,away win REG
2017020912,20172018,2,New York Islanders,30,Minnesota Wild,away win REG
2017020750,20172018,9,Ottawa Senators,6,Boston Bruins,away win REG
2017020483,20172018,19,St Louis Blues,24,Anaheim Ducks,away win REG
2017020108,20172018,52,Winnipeg Jets,30,Minnesota Wild,home win REG
2017020915,20172018,18,Nashville Predators,9,Ottawa Senators,home win REG
2017020027,20172018,20,Calgary Flames,52,Winnipeg Jets,home win REG
2017020798,20172018,2,New York Islanders,29,Columbus Blue Jackets,home win REG
2017020408,20172018,16,Chicago Blackhawks,26,Los Angeles Kings,away win REG
2017020260,20172018,28,San Jose Sharks,23,Vancouver Canucks,home win REG
2017021245,20172018,29,Columbus Blue Jackets,5,Pittsburgh Penguins,away win OT
2017020559,20172018,1,New Jersey Devils,17,Detroit Red Wings,home win REG
2017021034,20172018,29,Columbus Blue Jackets,21,Colorado Avalanche,home win OT
2017020507,20172018,52,Winnipeg Jets,19,St Louis Blues,home win REG
2017020500,20172018,4,Philadelphia Flyers,25,Dallas Stars,home win OT
2017021099,20172018,13,Florida Panthers,22,Edmonton Oilers,away win REG
2017020632,20172018,16,Chicago Blackhawks,54,Vegas Golden Knights,away win REG
2017020266,20172018,20,Calgary Flames,19,St Louis Blues,home win REG
2017020642,20172018,2,New York Islanders,1,New Jersey Devils,home win SO
2017020060,20172018,21,Colorado Avalanche,24,Anaheim Ducks,home win REG
2017021141,20172018,17,Detroit Red Wings,15,Washington Capitals,away win REG
2017020608,20172018,30,Minnesota Wild,13,Florida Panthers,home win REG
2017020872,20172018,30,Minnesota Wild,3,New York Rangers,home win REG
2017020052,20172018,13,Florida Panthers,19,St Louis Blues,home win REG
2017020989,20172018,26,Los Angeles Kings,29,Columbus Blue Jackets,home win REG
2017020898,20172018,14,Tampa Bay Lightning,1,New Jersey Devils,away win REG
2017020069,20172018,25,Dallas Stars,21,Colorado Avalanche,home win REG
2017020443,20172018,24,Anaheim Ducks,30,Minnesota Wild,away win OT
2017020864,20172018,6,Boston Bruins,20,Calgary Flames,home win REG
2017020574,20172018,26,Los Angeles Kings,54,Vegas Golden Knights,away win OT
2017020229,20172018,8,Montreal Canadiens,54,Vegas Golden Knights,home win REG
2017021131,20172018,28,San Jose Sharks,1,New Jersey Devils,home win REG
2017020591,20172018,18,Nashville Predators,30,Minnesota Wild,home win REG
2017020567,20172018,21,Colorado Avalanche,53,Arizona Coyotes,away win REG
2017021188,20172018,21,Colorado Avalanche,4,Philadelphia Flyers,away win REG
2017020732,20172018,6,Boston Bruins,1,New Jersey Devils,home win REG
2017020656,20172018,14,Tampa Bay Lightning,12,Carolina Hurricanes,home win REG
2017020575,20172018,28,San Jose Sharks,20,Calgary Flames,home win SO
2017021031,20172018,23,Vancouver Canucks,53,Arizona Coyotes,away win REG
2017020186,20172018,6,Boston Bruins,54,Vegas Golden Knights,home win REG
2017021167,20172018,22,Edmonton Oilers,24,Anaheim Ducks,away win OT
2017020379,20172018,19,St Louis Blues,24,Anaheim Ducks,away win REG
2017020996,20172018,20,Calgary Flames,3,New York Rangers,away win REG
2017020230,20172018,20,Calgary Flames,23,Vancouver Canucks,away win REG
2017020147,20172018,22,Edmonton Oilers,25,Dallas Stars,home win REG
2017021057,20172018,18,Nashville Predators,1,New Jersey Devils,away win SO
2017020106,20172018,17,Detroit Red Wings,15,Washington Capitals,away win OT
2017020892,20172018,52,Winnipeg Jets,21,Colorado Avalanche,home win REG
2017020366,20172018,16,Chicago Blackhawks,24,Anaheim Ducks,home win REG
2017020490,20172018,54,Vegas Golden Knights,5,Pittsburgh Penguins,home win REG
2017020402,20172018,23,Vancouver Canucks,10,Toronto Maple Leafs,home win REG
2017021176,20172018,26,Los Angeles Kings,20,Calgary Flames,home win REG
2017020965,20172018,8,Montreal Canadiens,4,Philadelphia Flyers,away win SO
2017020033,20172018,2,New York Islanders,19,St Louis Blues,away win SO
2017020571,20172018,13,Florida Panthers,4,Philadelphia Flyers,home win REG
2017020049,20172018,24,Anaheim Ducks,2,New York Islanders,home win REG
2017020143,20172018,9,Ottawa Senators,4,Philadelphia Flyers,home win REG
2017021203,20172018,21,Colorado Avalanche,16,Chicago Blackhawks,home win REG
2017020557,20172018,28,San Jose Sharks,26,Los Angeles Kings,home win REG
2017020665,20172018,29,Columbus Blue Jackets,23,Vancouver Canucks,away win REG
2017020018,20172018,13,Florida Panthers,14,Tampa Bay Lightning,home win REG
2017020021,20172018,5,Pittsburgh Penguins,18,Nashville Predators,home win REG
2017020193,20172018,52,Winnipeg Jets,25,Dallas Stars,home win REG
2017020530,20172018,1,New Jersey Devils,3,New York Rangers,home win SO
2017020355,20172018,53,Arizona Coyotes,54,Vegas Golden Knights,away win REG
2017020954,20172018,29,Columbus Blue Jackets,16,Chicago Blackhawks,home win REG
2017020352,20172018,13,Florida Panthers,16,Chicago Blackhawks,away win REG
2017021012,20172018,12,Carolina Hurricanes,52,Winnipeg Jets,away win REG
2017020945,20172018,54,Vegas Golden Knights,23,Vancouver Canucks,home win REG
2017021251,20172018,26,Los Angeles Kings,30,Minnesota Wild,home win OT
2017021260,20172018,17,Detroit Red Wings,2,New York Islanders,away win OT
2017020166,20172018,22,Edmonton Oilers,15,Washington Capitals,away win REG
2017020830,20172018,14,Tampa Bay Lightning,23,Vancouver Canucks,home win REG
2017020227,20172018,12,Carolina Hurricanes,13,Florida Panthers,home win REG
2017020704,20172018,26,Los Angeles Kings,5,Pittsburgh Penguins,away win REG
2017020726,20172018,10,Toronto Maple Leafs,21,Colorado Avalanche,away win REG
